code,status,variants,media,mb,note,url
"AJER666","exists","","","","matched by image filename: 3 CTW Round Brilliant Lab-Grown Diamond Stud Earrings",""
"AJER668","exists","","","","matched by sku: AJER668",""
"AJER680","created","10","15","197.5","no title/description in product-content.json","https://0cz13u-ch.myshopify.com/admin/products/10030464434419"
"AJER723","created","10","15","187.1","no title/description in product-content.json","https://0cz13u-ch.myshopify.com/admin/products/10030466662643"
"AJER758","created","10","15","171.1","no title/description in product-content.json","https://0cz13u-ch.myshopify.com/admin/products/10030468923635"
"AJER759","created","10","15","149.3","no title/description in product-content.json","https://0cz13u-ch.myshopify.com/admin/products/10030471446771"
"AJER772","created","10","15","185.9","no title/description in product-content.json","https://0cz13u-ch.myshopify.com/admin/products/10030475772147"
"AJER778","exists","","","","matched by image filename: Emerald Cut Lab Grown Diamond Huggie Hoop Earrings",""
"AJER826","created","10","15","163.2","no title/description in product-content.json","https://0cz13u-ch.myshopify.com/admin/products/10030478524659"
"AJER827","created","10","15","157.9","no title/description in product-content.json","https://0cz13u-ch.myshopify.com/admin/products/10030481670387"
"AJLB20","exists","","","","matched by image filename: Double-Row Round Brilliant Lab-Grown Diamond Tennis Bracelet",""
"AJLB26","exists","","","","matched by sku: Alternating Pear Lab-Grown Diamond Tennis Bracelet",""
"AJLB51","exists","","","","matched by image filename: Aurelia 1ct Oval Bezel-Set Lab-Grown Diamond Chain Bracelet",""
"AJLB52","exists","","","","matched by sku: Seraphine 1ct Pear Bezel-Set Lab-Grown Diamond Chain Bracelet",""
"AJLB53","exists","","","","matched by image filename: Élodie 1ct Marquise Bezel-Set Lab-Grown Diamond Chain Bracelet",""
"AJLB54","exists","","","","matched by image filename: Elara 1ct Emerald Bezel-Set Lab-Grown Diamond Chain Bracelet",""
"AJLB130","exists","","","","matched by image filename: Valenne 6ct Baguette & Round Lab-Grown Diamond Tennis Bracelet",""
"AJLB143","exists","","","","matched by image filename: Célestine 18ct Mixed-Shape Lab-Grown Diamond Tennis Bracelet",""
"AJLB144","exists","","","","matched by image filename: Aveline 15ct Seven-Shape Lab-Grown Diamond Tennis Bracelet",""
"AJLB152","exists","","","","matched by image filename: Solenne 19.5ct Emerald-Cut Lab-Grown Diamond Tennis Bracelet",""
"AJLB157","exists","","","","matched by image filename: Amarante 10ct Pear-Cut Lab-Grown Diamond Tennis Bracelet",""
"AJLB160","exists","","","","matched by image filename: Lab-Grown Diamond Cuban Link Tennis Bracelet",""
"AJLB161","exists","","","","matched by image filename: Valleria 6ct Oval Lab-Grown Diamond Tennis Bracelet",""
"AJLB167","exists","","","","matched by image filename: 11.20 CTW Emerald Cut Lab Grown Diamond Tennis Bracelet",""
"AJNT26","exists","","","","matched by image filename: Round Brilliant Lab-Grown Diamond Tennis Necklace",""
"AJNT27","exists","","","","matched by image filename: Mariposa 14ct Pear & Marquise-Cut Lab-Grown Diamond Butterfly Tennis Necklace",""
"AJNT37","exists","","","","matched by image filename: Aveline 23ct Round Brilliant Diamond Tennis Necklace",""
"AJNT46","exists","","","","matched by image filename: Evangeline 15.34ct Graduated Pear-Cut Lab-Grown Diamond Drop Tennis Necklace",""
"AJNT60","exists","","","","matched by image filename: Solara 2.09ct Round Lab-Grown Diamond Station Pendant Necklace",""
"AJNT61","exists","","","","matched by image filename: 2.09 CTW Heart Shape Lab Grown Diamond Pendant Necklace",""
"AJNT63","created","10","12","25.0","no title/description in product-content.json","https://0cz13u-ch.myshopify.com/admin/products/10030481866995"
"AJNT65","exists","","","","matched by image filename: Aveline 15ct Seven-Shape Lab-Grown Diamond Tennis Necklace",""
"AJPD78","exists","","","","matched by image filename: Aveline 2.36ct Oval Lab Diamond Pendant Necklace",""