,,,,,,,,,ASIMI JEWELS PRIVATE LIMITED,,,,,,,,,
,,,,,,,,,,,,,,,,,,
,Customer :,,ASIMI HOLDINGS LIMITED,,,,,,,Packing List,,,,,[QO]/26-27/0035,,,
,,,,,,,,,,,,,,,2026-08-27 00:00:00,,,
,,,,,,,,,,,,,,,,,,
,,,,Metal,,,,,Diamond,,,,,,Making,,Amount,
,Sr.,Item No.,Design,Code,Gr Wt,Net Wt,Rate,Amt,Code,Size,Pcs,Wt,Rate,Amt,Rate,Amt,(USD),
,1,,,S925,24.15,17.55,,,DRDLBG,20.5-21,132,33,61,2013,12,289.79999999999995,2302.8,
,,AJNT26-33.00CTS,,,,,,,,,,,,,,,,
,,,,,,,,,,,,,,,,,,
,,Qty : 1,,,,,,,,,,,,,,,,
,,,,,,,,,,,,,,,,,,
,,,,,24.15,17.55,,,,,132,33,,2013,,289.79999999999995,2302.8,
,2,,,G18K,32.8,26.2,133,3484.6,DRDLBG,20.5-21,132,33,61,2013,15,393,5890.6,
,,AJNT26-33.00CTS,,,,,,,,,,,,,,,,
,,,,,,,,,,,,,,,,,,
,,Qty : 1,,,,,,,,,,,,,,,,
,,,,,,,,,,,,,,,,,,
,,,,,32.8,26.2,,3484.6,,,132,33,,2013,,393,5890.6,
,3,,,G14K,28.61,22.01,105.5,2322.0550000000003,DRDLBG,20.5-21,132,33,61,2013,15,330.15000000000003,4665.205,
,,AJNT26-33.00CTS,,,,,,,,,,,,,,,,
,,,,,,,,,,,,,,,,,,
,,Qty : 1,,,,,,,,,,,,,,,,
,,,,,,,,,,,,,,,,,,
,,,,,28.61,22.01,,2322.0550000000003,,,132,33,,2013,,330.15000000000003,4665.205,
,4,,,G10k,26.25,19.65,74.5,1463.925,DRDLBG,20.5-21,132,33,61,2013,15,294.75,3771.675,
,,AJNT26-33.00CTS,,,,,,,,,,,,,,,,
,,,,,,,,,,,,,,,,,,
,,Qty : 1,,,,,,,,,,,,,,,,
,,,,,,,,,,,,,,,,,,
,,,,,26.25,19.65,,1463.925,,,132,33,,2013,,294.75,3771.675,
,5,,,S925,23.7,20.9,,,DMQLBG,4.00x2.00,140,7.7,81,623.7,12,284.4,1418.4,
,,AJNT27,,,,,,,DPELBG,3.00x2.00,140,6.3,81,510.3,,,,
,,Qty : 1,,,,,,,,,,,,,,,,
,,,,,23.7,20.9,,,,,280,14,,1134,,284.4,1418.4,
,6,,,G18K,34,31.2,133,4149.599999999999,DMQLBG,4.00x2.00,140,7.7,81,623.7,15,468,5751.599999999999,
,,AJNT27,,,,,,,DPELBG,3.00x2.00,140,6.3,81,510.3,,,,
,,Qty : 1,,,,,,,,,,,,,,,,
,,,,,34,31.2,,4149.599999999999,,,280,14,,1134,,468,5751.599999999999,
,7,,,G14K,29.01,26.21,105.5,2765.155,DMQLBG,4.00x2.00,140,7.7,81,623.7,15,393.15000000000003,4292.305,
,,AJNT27,,,,,,,DPELBG,3.00x2.00,140,6.3,81,510.3,,,,
,,Qty : 1,,,,,,,,,,,,,,,,
,,,,,29.01,26.21,,2765.155,,,280,14,,1134,,393.15000000000003,4292.305,
,8,,,G10k,26.2,23.4,74.5,1743.3,DMQLBG,4.00x2.00,140,7.7,81,623.7,15,351,3228.3,
,,AJNT27,,,,,,,DPELBG,3.00x2.00,140,6.3,81,510.3,,,,
,,Qty : 1,,,,,,,,,,,,,,,,
,,,,,26.2,23.4,,1743.3,,,280,14,,1134,,351,3228.3,
,9,,,S925,23.494,18.894,,,DRDLBG,4.10 MM,92,23,51,1173,12,281.928,1454.9279999999999,
,,AJNT37,,,,,,,,,,,,,,,,
,,Qty : 1,,,,,,,,,,,,,,,,
,,,,,23.494,18.894,,,,,92,23,,1173,,281.928,1454.9279999999999,
,10,,,G18K,32.8,28.2,133,3750.6,DRDLBG,4.10 MM,92,23,51,1173,15,423,5346.6,
,,AJNT37,,,,,,,,,,,,,,,,
,,Qty : 1,,,,,,,,,,,,,,,,
,,,,,32.8,28.2,,3750.6,,,92,23,,1173,,423,5346.6,
,11,,,G14K,28.287999999999997,23.688,105.5,2499.084,DRDLBG,4.10 MM,92,23,51,1173,15,355.32,4027.404,
,,AJNT37,,,,,,,,,,,,,,,,
,,Qty : 1,,,,,,,,,,,,,,,,
,,,,,28.287999999999997,23.688,,2499.084,,,92,23,,1173,,355.32,4027.404,
,12,,,G10k,25.75,21.15,74.5,1575.675,DRDLBG,4.10 MM,92,23,51,1173,15,317.25,3065.925,
,,AJNT37,,,,,,,,,,,,,,,,
,,Qty : 1,,,,,,,,,,,,,,,,
,,,,,25.75,21.15,,1575.675,,,92,23,,1173,,317.25,3065.925,
,13,,,S925,18.941000000000003,14.941,,,DPELBG,6.5x4.5,40,20,81,1620,12,227.29200000000003,1847.292,
,,AJLB26,,,,,,,,,,,,,,,,
,,Qty : 1,,,,,,,,,,,,,,,,
,,,,,18.941000000000003,14.941,,,,,40,20,,1620,,227.29200000000003,1847.292,
,14,,,G18K,26.3,22.3,133,2965.9,DPELBG,6.5x4.5,40,20,81,1620,15,334.5,4920.4,
,,AJLB26,,,,,,,,,,,,,,,,
,,Qty : 1,,,,,,,,,,,,,,,,
,,,,,26.3,22.3,,2965.9,,,40,20,,1620,,334.5,4920.4,
,15,,,G14K,22.732,18.732,105.5,1976.2259999999999,DPELBG,6.5x4.5,40,20,81,1620,15,280.98,3877.2059999999997,
,,AJLB26,,,,,,,,,,,,,,,,
,,Qty : 1,,,,,,,,,,,,,,,,
,,,,,22.732,18.732,,1976.2259999999999,,,40,20,,1620,,280.98,3877.2059999999997,
,16,,,G10k,20.725,16.725,74.5,1246.0125,DPELBG,6.5x4.5,40,20,81,1620,15,250.87500000000003,3116.8875,
,,AJLB26,,,,,,,,,,,,,,,,
,,Qty : 1,,,,,,,,,,,,,,,,
,,,,,20.725,16.725,,1246.0125,,,40,20,,1620,,250.87500000000003,3116.8875,
,17,,,S925,9.963,8.777,,,DBGLBG,5X2.5,19,4.03,81,326.43,12,119.55599999999998,531.486,
,,AJLB130,,,,,,,DRDLBG,12-12.5,19,1.9,45,85.5,,,,
,,Qty : 1,,,,,,,,,,,,,,,,
,,,,,9.963,8.777,,,,,38,5.93,,411.93,,119.55599999999998,531.486,
,18,,,G18K,14.286,13.1,133,1742.3,DBGLBG,5X2.5,19,4.03,81,326.43,15,196.5,2350.73,
,,AJLB130,,,,,,,DRDLBG,12-12.5,19,1.9,45,85.5,,,,
,,Qty : 1,,,,,,,,,,,,,,,,
,,,,,14.286,13.1,,1742.3,,,38,5.93,,411.93,,196.5,2350.73,
,19,,,G14K,12.19,11.004,105.5,1160.922,DBGLBG,5X2.5,19,4.03,81,326.43,15,165.06,1737.912,
,,AJLB130,,,,,,,DRDLBG,12-12.5,19,1.9,45,85.5,,,,
,,Qty : 1,,,,,,,,,,,,,,,,
,,,,,12.19,11.004,,1160.922,,,38,5.93,,411.93,,165.06,1737.912,
,20,,,G10k,11.011,9.825,74.5,731.9625,DBGLBG,5X2.5,19,4.03,81,326.43,15,147.375,1291.2675,
,,AJLB130,,,,,,,DRDLBG,12-12.5,19,1.9,45,85.5,,,,
,,Qty : 1,,,,,,,,,,,,,,,,
,,,,,11.011,9.825,,731.9625,,,38,5.93,,411.93,,147.375,1291.2675,
,21,,,S925,13.918,10.318,,,DEDLBG,7.20x4.80,3,3,110,330,12,167.016,2012.016,
,,AJLB143,,,,,,,DHTLBG,6.75x6.75,3,3,118,354,,,,
,,Qty : 1,,,,,,,DMQLBG,9.70x5.20,2,2,110,220,,,,
,,,,,,,,,DOVLBG,8.20x5.75,3,3,95,285,,,,
,,,,,,,,,DPELBG,9.50x5.50,3,3,92,276,,,,
,,Qty :,,,,,,,DRDLBG,6.50 MM,2,2,90,180,,,,
,,,,,,,,,DRNTLBG,7.40x5.00,2,2,100,200,,,,
,,,,,,,,,,,,,,,,,,
,,Qty :,,,,,,,,,,,,,,,,
,,,,,13.918,10.318,,,,,18,18,,1845,,167.016,2012.016,
,22,,,G18K,19,15.4,133,2048.2000000000003,DEDLBG,7.20x4.80,3,3,110,330,15,231,4124.200000000001,
,,AJLB143,,,,,,,DHTLBG,6.75x6.75,3,3,118,354,,,,
,,Qty : 1,,,,,,,DMQLBG,9.70x5.20,2,2,110,220,,,,
,,,,,,,,,DOVLBG,8.20x5.75,3,3,95,285,,,,
,,,,,,,,,DPELBG,9.50x5.50,3,3,92,276,,,,
,,Qty :,,,,,,,DRDLBG,6.50 MM,2,2,90,180,,,,
,,,,,,,,,DRNTLBG,7.40x5.00,2,2,100,200,,,,
,,,,,,,,,,,,,,,,,,
,,Qty :,,,,,,,,,,,,,,,,
,,,,,19,15.4,,2048.2000000000003,,,18,18,,1845,,231,4124.200000000001,
,23,,,G14K,16.536,12.936,105.5,1364.748,DEDLBG,7.20x4.80,3,3,110,330,15,194.04,3403.788,
,,AJLB143,,,,,,,DHTLBG,6.75x6.75,3,3,118,354,,,,
,,Qty : 1,,,,,,,DMQLBG,9.70x5.20,2,2,110,220,,,,
,,,,,,,,,DOVLBG,8.20x5.75,3,3,95,285,,,,
,,,,,,,,,DPELBG,9.50x5.50,3,3,92,276,,,,
,,Qty :,,,,,,,DRDLBG,6.50 MM,2,2,90,180,,,,
,,,,,,,,,DRNTLBG,7.40x5.00,2,2,100,200,,,,
,,,,,,,,,,,,,,,,,,
,,Qty :,,,,,,,,,,,,,,,,
,,,,,16.536,12.936,,1364.748,,,18,18,,1845,,194.04,3403.788,
,24,,,G10k,15.15,11.55,74.5,860.475,DEDLBG,7.20x4.80,3,3,110,330,15,173.25,2878.725,
,,AJLB143,,,,,,,DHTLBG,6.75x6.75,3,3,118,354,,,,
,,Qty : 1,,,,,,,DMQLBG,9.70x5.20,2,2,110,220,,,,
,,,,,,,,,DOVLBG,8.20x5.75,3,3,95,285,,,,
,,,,,,,,,DPELBG,9.50x5.50,3,3,92,276,,,,
,,Qty :,,,,,,,DRDLBG,6.50 MM,2,2,90,180,,,,
,,,,,,,,,DRNTLBG,7.40x5.00,2,2,100,200,,,,
,,,,,,,,,,,,,,,,,,
,,Qty :,,,,,,,,,,,,,,,,
,,,,,15.15,11.55,,860.475,,,18,18,,1845,,173.25,2878.725,
,25,,,S925,11.576,8.576,,,DEDLBG,6.10x4.10,2,1.5,81,121.5,12,138.912,1324.662,
,,AJLB144,,,,,,,DHTLBG,6x6,3,2.25,81,182.25,,,,
,,Qty : 1,,,,,,,DMQLBG,9X4.5 MM,3,2.25,81,182.25,,,,
,,,,,,,,,DOVLBG,7x5,3,2.25,81,182.25,,,,
,,,,,,,,,DPELBG,8x5.5mm,3,2.25,81,182.25,,,,
,,Qty :,,,,,,,DRDLBG,5.80x5.80,3,2.25,68,153,,,,
,,,,,,,,,DRNTLBG,6.50x4.50,3,2.25,81,182.25,,,,
,,,,,,,,,,,,,,,,,,
,,Qty :,,,,,,,,,,,,,,,,
,,,,,11.576,8.576,,,,,20,15,,1185.75,,138.912,1324.662,
,26,,,G18K,15.8,12.8,133,1702.4,DEDLBG,6.10x4.10,2,1.5,81,121.5,15,192,3080.15,
,,AJLB144,,,,,,,DHTLBG,6x6,3,2.25,81,182.25,,,,
,,Qty : 1,,,,,,,DMQLBG,9X4.5 MM,3,2.25,81,182.25,,,,
,,,,,,,,,DOVLBG,7x5,3,2.25,81,182.25,,,,
,,,,,,,,,DPELBG,8x5.5mm,3,2.25,81,182.25,,,,
,,Qty :,,,,,,,DRDLBG,5.80x5.80,3,2.25,68,153,,,,
,,,,,,,,,DRNTLBG,6.50x4.50,3,2.25,81,182.25,,,,
,,,,,,,,,,,,,,,,,,
,,Qty :,,,,,,,,,,,,,,,,
,,,,,15.8,12.8,,1702.4,,,20,15,,1185.75,,192,3080.15,
,27,,,G14K,13.752,10.752,105.5,1134.336,DEDLBG,6.10x4.10,2,1.5,81,121.5,15,161.28,2481.3660000000004,
,,AJLB144,,,,,,,DHTLBG,6x6,3,2.25,81,182.25,,,,
,,Qty : 1,,,,,,,DMQLBG,9X4.5 MM,3,2.25,81,182.25,,,,
,,,,,,,,,DOVLBG,7x5,3,2.25,81,182.25,,,,
,,,,,,,,,DPELBG,8x5.5mm,3,2.25,81,182.25,,,,
,,Qty :,,,,,,,DRDLBG,5.80x5.80,3,2.25,68,153,,,,
,,,,,,,,,DRNTLBG,6.50x4.50,3,2.25,81,182.25,,,,
,,,,,,,,,,,,,,,,,,
,,Qty :,,,,,,,,,,,,,,,,
,,,,,13.752,10.752,,1134.336,,,20,15,,1185.75,,161.28,2481.3660000000004,
,28,,,G10k,12.6,9.6,74.5,715.1999999999999,DEDLBG,6.10x4.10,2,1.5,81,121.5,15,144,2044.9499999999998,
,,AJLB144,,,,,,,DHTLBG,6x6,3,2.25,81,182.25,,,,
,,Qty : 1,,,,,,,DMQLBG,9X4.5 MM,3,2.25,81,182.25,,,,
,,,,,,,,,DOVLBG,7x5,3,2.25,81,182.25,,,,
,,,,,,,,,DPELBG,8x5.5mm,3,2.25,81,182.25,,,,
,,Qty :,,,,,,,DRDLBG,5.80x5.80,3,2.25,68,153,,,,
,,,,,,,,,DRNTLBG,6.50x4.50,3,2.25,81,182.25,,,,
,,,,,,,,,,,,,,,,,,
,,Qty :,,,,,,,,,,,,,,,,
,,,,,12.6,9.6,,715.1999999999999,,,20,15,,1185.75,,144,2044.9499999999998,
,29,,,S925,14.754,10.854,,,DEDLBG,6x4,35,19.5,81,1579.5,12,177.048,1756.548,
,,AJLB152,,,,,,,,,,,,,,,,
,,Qty : 1,,,,,,,,,,,,,,,,
,,,,,14.754,10.854,,,,,35,19.5,,1579.5,,177.048,1756.548,
,30,,,G18K,20.1,16.2,133,2154.6,DEDLBG,6x4,35,19.5,81,1579.5,15,243,3977.1,
,,AJLB152,,,,,,.,,,,,,,,,,
,,Qty : 1,,,,,,,,,,,,,,,,
,,,,,20.1,16.2,,2154.6,,,35,19.5,,1579.5,,243,3977.1,
,31,,,G14K,17.508,13.608,105.5,1435.644,DEDLBG,6x4,35,19.5,81,1579.5,15,204.12,3219.264,
,,AJLB152,,,,,,,,,,,,,,,,
,,Qty : 1,,,,,,,,,,,,,,,,
,,,,,17.508,13.608,,1435.644,,,35,19.5,,1579.5,,204.12,3219.264,
,32,,,G10k,16.05,12.15,74.5,905.1750000000001,DEDLBG,6x4,35,19.5,81,1579.5,15,182.25,2666.925,
,,AJLB152,,,,,,,,,,,,,,,,
,,Qty : 1,,,,,,,,,,,,,,,,
,,,,,16.05,12.15,,905.1750000000001,,,35,19.5,,1579.5,,182.25,2666.925,
,33,,,S925,10.221,8.241,,,DPELBG,5.75x3.75,33,9.9,81,801.9,12,122.652,924.552,
,,AJLB157,,,,,,,,,,,,,,,,
,,Qty : 1,,,,,,,,,,,,,,,,
,,,,,10.221,8.241,,,,,33,9.9,,801.9,,122.652,924.552,
,34,,,G18K,14.28,12.3,133,1635.9,DPELBG,5.75x3.75,33,9.9,81,801.9,15,184.5,2622.3,
,,AJLB157,,,,,,,,,,,,,,,,
,,Qty : 1,,,,,,,,,,,,,,,,
,,,,,14.28,12.3,,1635.9,,,33,9.9,,801.9,,184.5,2622.3,
,35,,,G14K,12.312000000000001,10.332,105.5,1090.026,DPELBG,5.75x3.75,33,9.9,81,801.9,15,154.98000000000002,2046.906,
,,AJLB157,,,,,,,,,,,,,,,,
,,Qty : 1,,,,,,,,,,,,,,,,
,,,,,12.312000000000001,10.332,,1090.026,,,33,9.9,,801.9,,154.98000000000002,2046.906,
,36,,,G10k,11.205,9.225,74.5,687.2624999999999,DPELBG,5.75x3.75,33,9.9,81,801.9,15,138.375,1627.5375,
,,AJLB157,,,,,,,,,,,,,,,,
,,Qty : 1,,,,,,,,,,,,,,,,
,,,,,11.205,9.225,,687.2624999999999,,,33,9.9,,801.9,,138.375,1627.5375,
,37,,,S925,11.600000000000001,11.39,,,DRDLBG,000-00,174,0.522,98,51.16,12,139.20000000000002,242.10000000000002,
,,AJLB160,,,,,,,DRDLBG,0-1,88,0.528,98,51.74,,,,
,,Qty : 1,,,,,,,,,,,,,,,,
,,,,,11.600000000000001,11.39,,,,,262,1.05,,102.9,,139.20000000000002,242.10000000000002,
,38,,,G18K,17.21,17,133,2261,DRDLBG,000-00,174,0.522,98,51.16,15,255,2618.9,
,,AJLB160,,,,,,,DRDLBG,0-1,88,0.528,98,51.74,,,,
,,Qty : 1,,,,,,,,,,,,,,,,
,,,,,17.21,17,,2261,,,262,1.05,,102.9,,255,2618.9,
,39,,,G14K,14.49,14.28,105.5,1506.54,DRDLBG,000-00,174,0.522,98,51.16,15,214.2,1823.64,
,,AJLB160,,,,,,,DRDLBG,0-1,88,0.528,98,51.74,,,,
,,Qty : 1,,,,,,,,,,,,,,,,
,,,,,14.49,14.28,,1506.54,,,262,1.05,,102.9,,214.2,1823.64,
,40,,,G10k,12.96,12.75,74.5,949.875,DRDLBG,000-00,174,0.522,98,51.16,15,191.25,1244.025,
,,AJLB160,,,,,,,DRDLBG,0-1,88,0.528,98,51.74,,,,
,,Qty : 1,,,,,,,,,,,,,,,,
,,,,,12.96,12.75,,949.875,,,262,1.05,,102.9,,191.25,1244.025,
,41,,,S925,7.7330000000000005,6.533,,,DOVLBG,3.60x2.60,60,6,81,486,12,92.796,578.8,
,,AJLB161,,,,,,,,,,,,,,,,
,,Qty : 1,,,,,,,,,,,,,,,,
,,,,,7.7330000000000005,6.533,,,,,60,6,,486,,92.8,578.8,
,42,,,G18K,10.95,9.75,133,1296.75,DOVLBG,3.60x2.60,60,6,81,486,15,146.25,1929,
,,AJLB161,,,,,,,,,,,,,,,,
,,Qty : 1,,,,,,,,,,,,,,,,
,,,,,10.95,9.75,,1296.75,,,60,6,,486,,146.25,1929,
,43,,,G14K,9.389999999999999,8.19,105.5,864.045,DOVLBG,3.60x2.60,60,6,81,486,15,122.85,1472.895,
,,AJLB161,,,,,,,,,,,,,,,,
,,Qty : 1,,,,,,,,,,,,,,,,
,,,,,9.389999999999999,8.19,,864.045,,,60,6,,486,,122.85,1472.895,
,44,,,G10k,8.513,7.313,74.5,544.8185,DOVLBG,3.60x2.60,60,6,81,486,15,109.695,1140.5185,
,,AJLB161,,,,,,,,,,,,,,,,
,,Qty : 1,,,,,,,,,,,,,,,,
,,,,,8.513,7.313,,544.8185,,,60,6,,486,,109.7,1140.5185,
,45,,,S925,10.883000000000001,8.643,,,DEDLBG,4X2.80,56,11.2,81,907.2,12,130.596,1037.8,
,,AJLB167,,,,,,,,,,,,,,,,
,,Qty : 1,,,,,,,,,,,,,,,,
,,,,,10.883000000000001,8.643,,,,,56,11.2,,907.2,,130.6,1037.8,
,46,,,G18K,15.14,12.9,133,1715.7,DEDLBG,4X2.80,56,11.2,81,907.2,15,193.5,2816.4,
,,AJLB167,,,,,,,,,,,,,,,,
,,Qty : 1,,,,,,,,,,,,,,,,
,,,,,15.14,12.9,,1715.7,,,56,11.2,,907.2,,193.5,2816.4,
,47,,,G14K,13.076,10.836,105.5,1143.198,DEDLBG,4X2.80,56,11.2,81,907.2,15,162.54,2212.938,
,,AJLB167,,,,,,,,,,,,,,,,
,,Qty : 1,,,,,,,,,,,,,,,,
,,,,,13.076,10.836,,1143.198,,,56,11.2,,907.2,,162.54,2212.938,
,48,,,G10k,11.915000000000001,9.675,74.5,720.7875,DEDLBG,4X2.80,56,11.2,81,907.2,15,145.125,1773.1175000000003,
,,AJLB167,,,,,,,,,,,,,,,,
,,Qty : 1,,,,,,,,,,,,,,,,
,,,,,11.915000000000001,9.675,,720.7875,,,56,11.2,,907.2,,145.13,1773.1175000000003,
,49,,,S925,34.014,26.934,,,DMQLBG,13.5x6.75,3,6,115,690,12,408.168,3711.57,
,,AJNT65,,,,,,,DMQLBG,7.00x3.50,58,17.4,81,1409.4,,,,
,,Qty : 1,,,,,,,DMQLBG,8.50x4.50,8,4,81,324,,,,
,,,,,,,,,DMQLBG,9.70x5.20,8,8,110,880,,,,
,,,,,,,,,,,,,,,,,,
,,Qty :,,,,,,,,,,,,,,,,
,,,,,34.014,26.934,,,,,77,35.4,,3303.4,,408.17,3711.57,
,50,,,G18K,47.28,40.2,133,5346.6,DMQLBG,13.5x6.75,3,6,115,690,15,603,9253,
,,AJNT65,,,,,,,DMQLBG,7.00x3.50,58,17.4,81,1409.4,,,,
,,Qty : 1,,,,,,,DMQLBG,8.50x4.50,8,4,81,324,,,,
,,,,,,,,,DMQLBG,9.70x5.20,8,8,110,880,,,,
,,,,,,,,,,,,,,,,,,
,,Qty :,,,,,,,,,,,,,,,,
,,,,,47.28,40.2,,5346.6,,,77,35.4,,3303.4,,603,9253,
,51,,,G14K,40.848,33.768,105.5,3562.524,DMQLBG,13.5x6.75,3,6,115,690,15,506.52,7372.4439999999995,
,,AJNT65,,,,,,,DMQLBG,7.00x3.50,58,17.4,81,1409.4,,,,
,,Qty : 1,,,,,,,DMQLBG,8.50x4.50,8,4,81,324,,,,
,,,,,,,,,DMQLBG,9.70x5.20,8,8,110,880,,,,
,,,,,,,,,,,,,,,,,,
,,Qty :,,,,,,,,,,,,,,,,
,,,,,40.848,33.768,,3562.524,,,77,35.4,,3303.4,,506.52,7372.4439999999995,
,52,,,G10k,37.23,30.15,74.5,2246.1749999999997,DMQLBG,13.5x6.75,3,6,115,690,15,452.25,6001.825,
,,AJNT65,,,,,,,DMQLBG,7.00x3.50,58,17.4,81,1409.4,,,,
,,Qty : 1,,,,,,,DMQLBG,8.50x4.50,8,4,81,324,,,,
,,,,,,,,,DMQLBG,9.70x5.20,8,8,110,880,,,,
,,,,,,,,,,,,,,,,,,
,,Qty :,,,,,,,,,,,,,,,,
,,,,,37.23,30.15,,2246.1749999999997,,,77,35.4,,3303.4,,452.25,6001.825,
,53,,,S925,20.89,17.822,,,DPELBG,4x2.5,92,8.52,81,690.12,12,250.68,1503.67,
,,AJNT46,,,,,,,DPELBG,5.5X3.5,6,1.49,81,120.69,,,,
,,Qty : 1,,,,,,,DPELBG,5x3mm,4,0.67,81,54.27,,,,
,,,,,,,,,DPELBG,6x4,4,1.42,81,115.02,,,,
,,,,,,,,,DPELBG,8x5,1,0.74,81,59.94,,,,
,,Qty :,,,,,,,DPELBG,4.5x3.0,6,0.9,81,72.9,,,,
,,,,,,,,,DPELBG,8.5x5.5,1,0.95,92,87.4,,,,
,,,,,,,,,DPELBG,7x5,1,0.65,81,52.65,,,,
,,Qty :,,,,,,,,,,,,,,,,
,,,,,20.89,17.822,,,,,115,15.34,,1252.99,,250.68,1503.67,
,54,,,G18K,29.668,26.6,133,3537.8,DPELBG,4x2.5,92,8.52,81,690.12,15,399,5189.79,
,,AJNT46,,,,,,,DPELBG,5.5X3.5,6,1.49,81,120.69,,,,
,,Qty : 1,,,,,,,DPELBG,5x3mm,4,0.67,81,54.27,,,,
,,,,,,,,,DPELBG,6x4,4,1.42,81,115.02,,,,
,,,,,,,,,DPELBG,8x5,1,0.74,81,59.94,,,,
,,Qty :,,,,,,,DPELBG,4.5x3.0,6,0.9,81,72.9,,,,
,,,,,,,,,DPELBG,8.5x5.5,1,0.95,92,87.4,,,,
,,,,,,,,,DPELBG,7x5,1,0.65,81,52.65,,,,
,,Qty :,,,,,,,,,,,,,,,,
,,,,,29.668,26.6,,3537.8,,,115,15.34,,1252.99,,399,5189.79,
,55,,,G14K,25.402,22.334,105.5,2356.237,DPELBG,4x2.5,92,8.52,81,690.12,15,335.01,3944.237,
,,AJNT46,,,,,,,DPELBG,5.5X3.5,6,1.49,81,120.69,,,,
,,Qty : 1,,,,,,,DPELBG,5x3mm,4,0.67,81,54.27,,,,
,,,,,,,,,DPELBG,6x4,4,1.42,81,115.02,,,,
,,,,,,,,,DPELBG,8x5,1,0.74,81,59.94,,,,
,,Qty :,,,,,,,DPELBG,4.5x3.0,6,0.9,81,72.9,,,,
,,,,,,,,,DPELBG,8.5x5.5,1,0.95,92,87.4,,,,
,,,,,,,,,DPELBG,7x5,1,0.65,81,52.65,,,,
,,Qty :,,,,,,,,,,,,,,,,
,,,,,25.402,22.334,,2356.237,,,115,15.34,,1252.99,,335.01,3944.237,
,56,,,G10k,23.018,19.95,74.5,1486.2749999999999,DPELBG,4x2.5,92,8.52,81,690.12,15,299.25,3038.515,
,,AJNT46,,,,,,,DPELBG,5.5X3.5,6,1.49,81,120.69,,,,
,,Qty : 1,,,,,,,DPELBG,5x3mm,4,0.67,81,54.27,,,,
,,,,,,,,,DPELBG,6x4,4,1.42,81,115.02,,,,
,,,,,,,,,DPELBG,8x5,1,0.74,81,59.94,,,,
,,Qty :,,,,,,,DPELBG,4.5x3.0,6,0.9,81,72.9,,,,
,,,,,,,,,DPELBG,8.5x5.5,1,0.95,92,87.4,,,,
,,,,,,,,,DPELBG,7x5,1,0.65,81,52.65,,,,
,,Qty :,,,,,,,,,,,,,,,,
,,,,,23.018,19.95,,1486.2749999999999,,,115,15.34,,1252.99,,299.25,3038.515,
,57,,,S925,1.07,0.87,,,DOVLBG,8.2x5.75,1,1,95,95,12,12.84,107.84,
,,AJLB51,,,,,,,,,,,,,,,,
,,Qty : 1,,,,,,,,,,,,,,,,
,,,,,1.07,0.87,,,,,1,1,,95,,12.84,107.84,
,58,,,G18K,1.5,1.3,133,172.9,DOVLBG,8.2x5.75,1,1,95,95,15,19.5,287.4,
,,AJLB51,,,,,,,,,,,,,,,,
,,Qty : 1,,,,,,,,,,,,,,,,
,,,,,1.5,1.3,,172.9,,,1,1,,95,,19.5,287.4,
,59,,,G14K,1.29,1.09,105.5,114.995,DOVLBG,8.2x5.75,1,1,95,95,15,16.35,226.345,
,,AJLB51,,,,,,,,,,,,,,,,
,,Qty : 1,,,,,,,,,,,,,,,,
,,,,,1.29,1.09,,114.995,,,1,1,,95,,16.35,226.345,
,60,,,G10k,1.18,0.98,74.5,73.01,DOVLBG,8.2x5.75,1,1,95,95,15,14.7,182.70999999999998,
,,AJLB51,,,,,,,,,,,,,,,,
,,Qty : 1,,,,,,,,,,,,,,,,
,,,,,1.18,0.98,,73.01,,,1,1,,95,,14.7,182.70999999999998,
,61,,,S925,1.21,1.01,,,DPELBG,9.10x5.60,1,1,92,92,12,14.52,106.52,
,,AJLB52,,,,,,,,,,,,,,,,
,,Qty : 1,,,,,,,,,,,,,,,,
,,,,,1.21,1.01,,,,,1,1,,92,,14.52,106.52,
,62,,,G18K,1.7,1.5,133,199.5,DPELBG,9.10x5.60,1,1,92,92,15,22.5,314,
,,AJLB52,,,,,,,,,,,,,,,,
,,Qty : 1,,,,,,,,,,,,,,,,
,,,,,1.7,1.5,,199.5,,,1,1,,92,,22.5,314,
,63,,,G14K,1.46,1.26,105.5,132.93,DPELBG,9.10x5.60,1,1,92,92,15,18.9,243.83,
,,AJLB52,,,,,,,,,,,,,,,,
,,Qty : 1,,,,,,,,,,,,,,,,
,,,,,1.46,1.26,,132.93,,,1,1,,92,,18.9,243.83,
,64,,,G10k,1.3299999999999998,1.13,74.5,84.18499999999999,DPELBG,9.10x5.60,1,1,92,92,15,16.95,193.135,
,,AJLB52,,,,,,,,,,,,,,,,
,,Qty : 1,,,,,,,,,,,,,,,,
,,,,,1.3299999999999998,1.13,,84.18499999999999,,,1,1,,92,,16.95,193.135,
,65,,,S925,1.1,0.9,,,DMQLBG,10.50x5.25,1,1,110,110,12,13.200000000000001,123.2,
,,AJLB53,,,,,,,,,,,,,,,,
,,Qty : 1,,,,,,,,,,,,,,,,
,,,,,1.1,0.9,,,,,1,1,,110,,13.2,123.2,
,66,,,G18K,1.55,1.35,133,179.55,DMQLBG,10.50x5.25,1,1,110,110,15,20.25,130.25,
,,AJLB53,,,,,,,,,,,,,,,,
,,Qty : 1,,,,,,,,,,,,,,,,
,,,,,1.55,1.35,,,,,1,1,,110,,20.25,130.25,
,67,,,G14K,1.3299999999999998,1.13,105.5,119.21499999999999,DMQLBG,10.50x5.25,1,1,110,110,15,16.95,246.16499999999996,
,,AJLB53,,,,,,,,,,,,,,,,
,,Qty : 1,,,,,,,,,,,,,,,,
,,,,,1.3299999999999998,1.13,,119.21499999999999,,,1,1,,110,,16.95,246.16499999999996,
,68,,,G10k,1.21,1.01,74.5,75.245,DMQLBG,10.50x5.25,1,1,110,110,15,15.15,200.395,
,,AJLB53,,,,,,,,,,,,,,,,
,,Qty : 1,,,,,,,,,,,,,,,,
,,,,,1.21,1.01,,75.245,,,1,1,,110,,15.15,200.395,
,69,,,S925,0.96,0.76,,,DEDLBG,7.20x4.80,1,1,95,95,12,11.52,106.52,
,,AJLB54,,,,,,,,,,,,,,,,
,,Qty : 1,,,,,,,,,,,,,,,,
,,,,,0.96,0.76,,,,,1,1,,95,,11.52,106.52,
,70,,,G18K,1.5,1.3,133,172.9,DEDLBG,7.20x4.80,1,1,95,95,15,19.5,287.4,
,,AJLB54,,,,,,,,,,,,,,,,
,,Qty : 1,,,,,,,,,,,,,,,,
,,,,,1.5,1.3,,172.9,,,1,1,,95,,19.5,287.4,
,71,,,G14K,1.15,0.95,105.5,100.225,DEDLBG,7.20x4.80,1,1,95,95,15,14.25,209.475,
,,AJLB54,,,,,,,,,,,,,,,,
,,Qty : 1,,,,,,,,,,,,,,,,
,,,,,1.15,0.95,,100.225,,,1,1,,95,,14.25,209.475,
,72,,,G10k,1.05,0.85,74.5,63.324999999999996,DEDLBG,7.20x4.80,1,1,95,95,15,12.75,171.075,
,,AJLB54,,,,,,,,,,,,,,,,
,,Qty : 1,,,,,,,,,,,,,,,,
,,,,,1.05,0.85,,63.324999999999996,,,1,1,,95,,12.75,171.075,
,73,,,S925,1.288,0.87,,,DRDLBG,8.00 MM,1,2,105,210,12,15.456,231.04000000000002,
,,AJNT60-2.00 CTS,,,,,,,DRDLBG,4.5-5,6,0.09,62,5.58,,,,
,,,,,,,,,,,,,,,,,,
,,Qty : 1,,,,,,,,,,,,,,,,
,,,,,,,,,,,,,,,,,,
,,,,,1.288,0.87,,,,,7,2.09,,215.58,,15.46,231.04000000000002,
,74,,,G18K,1.718,1.3,133,172.9,DRDLBG,8.00 MM,1,2,105,210,15,19.5,407.98,
,,AJNT60-2.00 CTS,,,,,,,DRDLBG,4.5-5,6,0.09,62,5.58,,,,
,,,,,,,,,,,,,,,,,,
,,Qty : 1,,,,,,,,,,,,,,,,
,,,,,,,,,,,,,,,,,,
,,,,,1.718,1.3,,172.9,,,7,2.09,,215.58,,19.5,407.98,
,75,,,G14K,1.508,1.09,105.5,114.995,DRDLBG,8.00 MM,1,2,105,210,15,16.35,346.92500000000007,
,,AJNT60-2.00 CTS,,,,,,,DRDLBG,4.5-5,6,0.09,62,5.58,,,,
,,,,,,,,,,,,,,,,,,
,,Qty : 1,,,,,,,,,,,,,,,,
,,,,,,,,,,,,,,,,,,
,,,,,1.508,1.09,,114.995,,,7,2.09,,215.58,,16.35,346.92500000000007,
,76,,,G10k,1.398,0.98,74.5,73.01,DRDLBG,8.00 MM,1,2,105,210,15,14.7,303.29,
,,AJNT60-2.00 CTS,,,,,,,DRDLBG,4.5-5,6,0.09,62,5.58,,,,
,,,,,,,,,,,,,,,,,,
,,Qty : 1,,,,,,,,,,,,,,,,
,,,,,,,,,,,,,,,,,,
,,,,,1.398,0.98,,73.01,,,7,2.09,,215.58,,14.7,303.29,
,77,,,S925,1.258,0.84,,,DHTLBG,8.50,1,2,112,224,12,15.096,244.68,
,,AJNT61-2.00CTS,,,,,,,DRDLBG,4.5-5,6,0.09,62,5.58,,,,
,,,,,,,,,,,,,,,,,,
,,Qty : 1,,,,,,,,,,,,,,,,
,,,,,,,,,,,,,,,,,,
,,,,,1.258,0.84,,,,,7,2.09,,229.58,,15.1,244.68,
,78,,,G18K,1.668,1.25,133,166.25,DHTLBG,8.50,1,2,112,224,15,18.75,414.58000000000004,
,,AJNT61-2.00CTS,,,,,,,DRDLBG,4.5-5,6,0.09,62,5.58,,,,
,,,,,,,,,,,,,,,,,,
,,Qty : 1,,,,,,,,,,,,,,,,
,,,,,,,,,,,,,,,,,,
,,,,,1.668,1.25,,166.25,,,7,2.09,,229.58,,18.75,414.58000000000004,
,79,,,G14K,1.468,1.05,105.5,110.775,DHTLBG,8.50,1,2,112,224,15,15.75,356.105,
,,AJNT61-2.00CTS,,,,,,,DRDLBG,4.5-5,6,0.09,62,5.58,,,,
,,,,,,,,,,,,,,,,,,
,,Qty : 1,,,,,,,,,,,,,,,,
,,,,,,,,,,,,,,,,,,
,,,,,1.468,1.05,,110.775,,,7,2.09,,229.58,,15.75,356.105,
,80,,,G10k,1.3579999999999999,0.94,74.5,70.03,DHTLBG,8.50,1,2,112,224,15,14.1,313.71000000000004,
,,AJNT61-2.00CTS,,,,,,,DRDLBG,4.5-5,6,0.09,62,5.58,,,,
,,,,,,,,,,,,,,,,,,
,,Qty : 1,,,,,,,,,,,,,,,,
,,,,,,,,,,,,,,,,,,
,,,,,1.3579999999999999,0.94,,70.03,,,7,2.09,,229.58,,14.1,313.71000000000004,
,81,,,S925,1.412,0.94,,,DMQLBG,4x2mm,6,0.31,81,25.11,12,13.411999999999999,261.62,
,,AJPD78-2.0CTS,,,,,,,DOVLBG,10.25x7.00,1,2,110,220,,,,
,,,,,,,,,DRDLBG,1.3X1.3 MM,6,0.05,62,3.1,,,,
,,Qty : 1,,,,,,,,,,,,,,,,
,,,,,,,,,,,,,,,,,,
,,,,,1.412,0.94,,,,,13,2.36,,248.21,,13.41,261.62,
,82,,,G18K,1.872,1.4,133,186.2,DMQLBG,4x2mm,6,0.31,81,25.11,15,21,455.40999999999997,
,,AJPD78-2.0CTS,,,,,,,DOVLBG,10.25x7.00,1,2,110,220,,,,
,,,,,,,,,DRDLBG,1.3X1.3 MM,6,0.05,62,3.1,,,,
,,Qty : 1,,,,,,,,,,,,,,,,
,,,,,,,,,,,,,,,,,,
,,,,,1.872,1.4,,186.2,,,13,2.36,,248.21,,21,455.40999999999997,
,83,,,G14K,1.652,1.18,105.5,124.49,DMQLBG,4x2mm,6,0.31,81,25.11,15,17.7,390.4,
,,AJPD78-2.0CTS,,,,,,,DOVLBG,10.25x7.00,1,2,110,220,,,,
,,,,,,,,,DRDLBG,1.3X1.3 MM,6,0.05,62,3.1,,,,
,,Qty : 1,,,,,,,,,,,,,,,,
,,,,,,,,,,,,,,,,,,
,,,,,1.652,1.18,,124.49,,,13,2.36,,248.21,,17.7,390.4,
,84,,,G10k,1.522,1.05,74.5,78.22500000000001,DMQLBG,4x2mm,6,0.31,81,25.11,15,15.75,342.185,
,,AJPD78-2.0CTS,,,,,,,DOVLBG,10.25x7.00,1,2,110,220,,,,
,,,,,,,,,DRDLBG,1.3X1.3 MM,6,0.05,62,3.1,,,,
,,Qty : 1,,,,,,,,,,,,,,,,
,,,,,,,,,,,,,,,,,,
,,,,,1.522,1.05,,78.22500000000001,,,13,2.36,,248.21,,15.75,342.185,
,85,,,S925,1.258,0.84,,,DASLBG,7.5x7.5,1,2,112,224,12,15.096,244.68,
,,AJNT62-2.00CTS,,,,,,,DRDLBG,4.5-5,6,0.09,62,5.58,,,,
,,,,,,,,,,,,,,,,,,
,,Qty : 1,,,,,,,,,,,,,,,,
,,,,,,,,,,,,,,,,,,
,,,,,1.258,0.84,,,,,7,2.09,,229.58,,15.1,244.68,
,86,,,G18K,1.668,1.25,133,166.25,DASLBG,7.5x7.5,1,2,112,224,15,18.75,414.58000000000004,
,,AJNT62-2.00CTS,,,,,,,DRDLBG,4.5-5,6,0.09,62,5.58,,,,
,,,,,,,,,,,,,,,,,,
,,Qty : 1,,,,,,,,,,,,,,,,
,,,,,,,,,,,,,,,,,,
,,,,,1.668,1.25,,166.25,,,7,2.09,,229.58,,18.75,414.58000000000004,
,87,,,G14K,1.468,1.05,105.5,110.775,DASLBG,7.5x7.5,1,2,112,224,15,15.75,356.105,
,,AJNT62-2.00CTS,,,,,,,DRDLBG,4.5-5,6,0.09,62,5.58,,,,
,,,,,,,,,,,,,,,,,,
,,Qty : 1,,,,,,,,,,,,,,,,
,,,,,,,,,,,,,,,,,,
,,,,,1.468,1.05,,110.775,,,7,2.09,,229.58,,15.75,356.105,
,88,,,G10k,1.3579999999999999,0.94,74.5,70.03,DASLBG,7.5x7.5,1,2,112,224,15,14.1,313.71000000000004,
,,AJNT62-2.00CTS,,,,,,,DRDLBG,4.5-5,6,0.09,62,5.58,,,,
,,,,,,,,,,,,,,,,,,
,,Qty : 1,,,,,,,,,,,,,,,,
,,,,,,,,,,,,,,,,,,
,,,,,1.3579999999999999,0.94,,70.03,,,7,2.09,,229.58,,14.1,313.71000000000004,
,,Total,,,1152.6359999999997,960.676,,81601.96850000002,,,5184,959.8,,76526.08000000002,,14390.308999999996,172518.35749999998,
,,,,,,,,,,,,,,,,,,
,,,,,,,,,,,,,,,,,172518.35749999998,
