SKU,USD_18K_old,USD_18K_new,USD_14K_old,USD_14K_new,USD_10K_old,USD_10K_new,USD_Silver_old,USD_Silver_new
AJER778,1915.00,1910.00,1520.00,1520.00,1210.00,1210.00,740.00,740.00
AJER680(3.0CTS),912.00,910.00,801.00,800.00,714.00,710.00,582.00,580.00
AJER 668-3.0CTS,876.00,870.00,776.00,770.00,698.00,690.00,579.00,570.00
AJER723,1060.00,1060.00,890.00,890.00,760.00,760.00,560.00,560.00
AJER758-1.00CTS,1267.00,1260.00,1100.00,1100.00,969.00,960.00,771.00,770.00
AJER759,975.00,970.00,815.00,810.00,695.00,690.00,510.00,510.00
AJER772,1705.00,1700.00,1215.00,1210.00,825.00,820.00,240.00,240.00
AJER826,500.00,500.00,360.00,360.00,250.00,250.00,85.00,80.00
AJER827,535.00,530.00,425.00,420.00,335.00,330.00,205.00,200.00
AJER666-3.0CTS,858.00,850.00,764.00,760.00,689.00,680.00,577.00,570.00
AJER668,1090.00,1090.00,965.00,960.00,865.00,860.00,715.00,710.00
AJLR134 (2CTS),1010.65,1010.00,857.77,850.00,737.47,730.00,555.76,550.00
AJLR211-1.0CTS,973.06,970.00,806.39,800.00,674.81,670.00,475.56,470.00
AJLR255,985.00,980.00,775.00,770.00,610.00,610.00,360.00,360.00
AJLR257-2.0CTS,1524.44,1520.00,1231.20,1230.00,999.37,990.00,649.75,640.00
AJLR262-2.0CTS,1598.37,1590.00,1283.83,1280.00,1035.71,1030.00,661.03,660.00
AJLR274,310.00,310.00,245.00,240.00,180.00,180.00,85.00,80.00
AJLR299-2.0CTS,1288.85,1280.00,1059.52,1050.00,879.07,870.00,605.89,600.00
AJLR307-2.00CTS,1318.92,1310.00,1075.81,1070.00,884.09,880.00,594.61,590.00
AJLR379,1745.00,1740.00,1500.00,1500.00,1305.00,1300.00,1010.00,1010.00
AJLR389,1450.00,1450.00,1085.00,1080.00,800.00,800.00,365.00,360.00
AJLR416,1900.00,1900.00,1340.00,1340.00,905.00,900.00,240.00,240.00
AJLR511-2.00CTS,1233.71,1230.00,1024.44,1020.00,860.28,860.00,612.16,610.00
AJLR559-2.00CTS,1424.19,1420.00,1171.05,1170.00,970.55,970.00,668.55,660.00
AJLR602,1515.00,1510.00,1105.00,1100.00,785.00,780.00,305.00,300.00
AJLR613,1090.00,1090.00,805.00,800.00,580.00,580.00,235.00,230.00
AJLR614,1255.00,1250.00,915.00,910.00,650.00,650.00,245.00,240.00
AJLR618,1570.00,1570.00,1170.00,1170.00,855.00,850.00,380.00,380.00
AJLR627,1995.00,1990.00,1470.00,1470.00,1060.00,1060.00,440.00,440.00
AJLR628,795.00,790.00,595.00,590.00,445.00,440.00,200.00,200.00
AJLR629,1650.00,1650.00,1395.00,1390.00,1200.00,1200.00,900.00,900.00
AJLR636,1500.00,1500.00,1075.00,1070.00,740.00,740.00,230.00,230.00
AJLR638,1340.00,1340.00,995.00,990.00,725.00,720.00,320.00,320.00
AJLR1168,3520.00,3520.00,2965.00,2960.00,2530.00,2530.00,1865.00,1860.00
AJLR1181,1970.00,1970.00,1640.00,1640.00,1380.00,1380.00,985.00,980.00
AJLB118,2735.00,2730.00,1995.00,1990.00,1410.00,1410.00,535.00,530.00
AJLB206-2CTS,1649.75,1640.00,1226.19,1220.00,891.60,890.00,391.60,390.00
AJLB221,2020.00,2020.00,1475.00,1470.00,1040.00,1040.00,395.00,390.00
AJLB222,2065.00,2060.00,1505.00,1500.00,1070.00,1070.00,410.00,410.00
AJLB223,2125.00,2120.00,1550.00,1550.00,1095.00,1090.00,420.00,420.00
AJLB200-4.00CTS,2089.60,2080.00,1573.31,1570.00,1167.29,1160.00,558.27,550.00
AJPD201,1150.00,1150.00,915.00,910.00,730.00,730.00,450.00,450.00
AJPD202,1445.00,1440.00,1190.00,1190.00,995.00,990.00,690.00,690.00
AJPD203,1515.00,1510.00,1250.00,1250.00,1035.00,1030.00,715.00,710.00
AJPD231-0.50CTS,734.96,730.00,550.75,550.00,406.64,400.00,175.60,170.00
AJPD232-0.50CTS,727.44,720.00,549.50,540.00,410.40,410.00,188.99,180.00
AJPD236,3435.00,3430.00,3040.00,3040.00,2730.00,2730.00,2260.00,2260.00
AJPD243-0.50CTS,951.75,950.00,701.13,700.00,504.39,500.00,197.92,190.00
AJPD278,1005.00,1000.00,775.00,770.00,595.00,590.00,320.00,320.00
AJPD279-1.00CTS,1192.36,1190.00,984.34,980.00,820.18,820.00,572.06,570.00
AJPD301,2730.00,2730.00,2355.00,2350.00,2060.00,2060.00,1615.00,1610.00
AJPD352-1.00CTS,975.56,970.00,766.29,760.00,602.13,600.00,354.01,350.00
AJPD370,1510.00,1510.00,1125.00,1120.00,825.00,820.00,370.00,370.00
AJPD402,1610.00,1610.00,1270.00,1270.00,1005.00,1000.00,600.00,600.00
AJPD403,1415.00,1410.00,1105.00,1100.00,860.00,860.00,485.00,480.00
AJPD404,1420.00,1420.00,1110.00,1110.00,865.00,860.00,490.00,490.00
AJPD405,1480.00,1480.00,1150.00,1150.00,890.00,890.00,500.00,500.00
AJPD406,1450.00,1450.00,1130.00,1130.00,875.00,870.00,495.00,490.00
AJPD408,1540.00,1540.00,1260.00,1260.00,1035.00,1030.00,700.00,700.00
AJPD409,1170.00,1170.00,930.00,930.00,735.00,730.00,445.00,440.00
AJPD410,1160.00,1160.00,920.00,920.00,730.00,730.00,445.00,440.00
AJPD411,1190.00,1190.00,945.00,940.00,750.00,750.00,455.00,450.00
AJPD412,1160.00,1160.00,920.00,920.00,735.00,730.00,450.00,450.00
AJPD413,1170.00,1170.00,930.00,930.00,735.00,730.00,445.00,440.00
AJNT59-1.00CTS,964.29,960.00,762.53,760.00,604.64,600.00,364.04,360.00
AJNT63-2.00 CTS,1341.48,1340.00,1090.85,1090.00,892.86,890.00,595.86,590.00
AJNT64-1.00CTS,964.29,960.00,762.53,760.00,604.64,600.00,364.04,360.00
AJNT68,945.00,940.00,700.00,700.00,510.00,510.00,215.00,210.00
AJPD361-0.50CTS,781.33,780.00,583.33,580.00,426.69,420.00,180.06,180.00
AJPD262,1070.00,1070.00,765.00,760.00,525.00,520.00,150.00,150.00
AJPD263,1090.00,1090.00,810.00,810.00,590.00,590.00,265.00,260.00
AJPD294,2300.00,2300.00,1950.00,1950.00,1675.00,1670.00,1265.00,1260.00
AJPD295,1635.00,1630.00,1190.00,1190.00,845.00,840.00,315.00,310.00
AJPD439,1615.00,1610.00,1250.00,1250.00,965.00,960.00,530.00,530.00
AJPD442,2285.00,2280.00,1855.00,1850.00,1520.00,1520.00,1015.00,1010.00
AJPD446,960.00,960.00,735.00,730.00,565.00,560.00,310.00,310.00
AJPD447,1895.00,1890.00,1365.00,1360.00,950.00,950.00,320.00,320.00
AJPD448,1855.00,1850.00,1335.00,1330.00,925.00,920.00,315.00,310.00
AJPD451,1640.00,1640.00,1230.00,1230.00,905.00,900.00,415.00,410.00
AJPD455,1205.00,1200.00,1015.00,1010.00,870.00,870.00,645.00,640.00
AJPD456,2425.00,2420.00,1955.00,1950.00,1585.00,1580.00,1025.00,1020.00
AJPD459,1315.00,1310.00,960.00,960.00,680.00,680.00,255.00,250.00
AJPDP85,2035.00,2030.00,1655.00,1650.00,1355.00,1350.00,895.00,890.00
AJNT26,12000.00,12000.00,9685.00,9680.00,7860.00,7860.00,5125.00,5120.00
AJLB68,4470.00,4470.00,3630.00,3630.00,2970.00,2970.00,1980.00,1980.00
AJLB185,1655.00,1650.00,1235.00,1230.00,905.00,900.00,410.00,410.00
AJLB187,4125.00,4120.00,3305.00,3300.00,2655.00,2650.00,1685.00,1680.00
AJER680,1135.00,1130.00,995.00,990.00,885.00,880.00,720.00,720.00
AJER758,1575.00,1570.00,1370.00,1370.00,1205.00,1200.00,955.00,950.00
AJER666,1065.00,1060.00,945.00,940.00,855.00,850.00,715.00,710.00
AJLR211,1195.00,1190.00,990.00,990.00,825.00,820.00,575.00,570.00
AJLR257,1885.00,1880.00,1520.00,1520.00,1230.00,1230.00,795.00,790.00
AJLR262,1980.00,1980.00,1585.00,1580.00,1275.00,1270.00,805.00,800.00
AJLR272,1755.00,1750.00,1505.00,1500.00,1305.00,1300.00,1005.00,1000.00
AJLR299,1590.00,1590.00,1305.00,1300.00,1080.00,1080.00,740.00,740.00
AJLR307,1630.00,1630.00,1325.00,1320.00,1085.00,1080.00,725.00,720.00
AJLR511,1525.00,1520.00,1265.00,1260.00,1055.00,1050.00,745.00,740.00
AJLR559,1760.00,1760.00,1445.00,1440.00,1195.00,1190.00,815.00,810.00
AJLR1170,1935.00,1930.00,1620.00,1620.00,1375.00,1370.00,1000.00,1000.00
AJLB206,2045.00,2040.00,1515.00,1510.00,1095.00,1090.00,470.00,470.00
AJLB220,1090.00,1090.00,855.00,850.00,665.00,660.00,385.00,380.00
AJLB200,2595.00,2590.00,1950.00,1950.00,1440.00,1440.00,680.00,680.00
AJLB20,2535.00,2530.00,1880.00,1880.00,1365.00,1360.00,595.00,590.00
AJLB110,2985.00,2980.00,2210.00,2210.00,1595.00,1590.00,680.00,680.00
AJLB224,1655.00,1650.00,1230.00,1230.00,895.00,890.00,395.00,390.00
AJLB228,4420.00,4420.00,3555.00,3550.00,2875.00,2870.00,1850.00,1850.00
AJLB236,1400.00,1400.00,1125.00,1120.00,910.00,910.00,590.00,590.00
AJLB26,10190.00,10190.00,8220.00,8220.00,6665.00,6660.00,4340.00,4340.00
AJLB130,4830.00,4830.00,3670.00,3670.00,2760.00,2760.00,1395.00,1390.00
AJLB143,9495.00,9490.00,8135.00,8130.00,7060.00,7060.00,5455.00,5450.00
AJLB144,6425.00,6420.00,5295.00,5290.00,4405.00,4400.00,3070.00,3070.00
AJLB152,8305.00,8300.00,6875.00,6870.00,5745.00,5740.00,4055.00,4050.00
AJLB157,5455.00,5450.00,4365.00,4360.00,3510.00,3510.00,2225.00,2220.00
AJLB160,5320.00,5320.00,3820.00,3820.00,2635.00,2630.00,860.00,860.00
AJLB161,4010.00,4010.00,3150.00,3150.00,2470.00,2470.00,1455.00,1450.00
AJLB167,5860.00,5860.00,4720.00,4720.00,3825.00,3820.00,2480.00,2480.00
AJNT65,19505.00,19500.00,15955.00,15950.00,13155.00,13150.00,8960.00,8960.00
AJLB51,1085.00,1080.00,865.00,860.00,690.00,690.00,430.00,430.00
AJLB52,1145.00,1140.00,905.00,900.00,715.00,710.00,435.00,430.00
AJLB53,1100.00,1100.00,875.00,870.00,695.00,690.00,430.00,430.00
AJLB54,1085.00,1080.00,865.00,860.00,690.00,690.00,430.00,430.00
AJPD231,900.00,900.00,670.00,670.00,490.00,490.00,210.00,210.00
AJPD232,890.00,890.00,665.00,660.00,495.00,490.00,225.00,220.00
AJPD243,1170.00,1170.00,855.00,850.00,610.00,610.00,235.00,230.00
AJPD279,1470.00,1470.00,1210.00,1210.00,1005.00,1000.00,695.00,690.00
AJPD352,1200.00,1200.00,940.00,940.00,735.00,730.00,425.00,420.00
AJNT59,1185.00,1180.00,935.00,930.00,735.00,730.00,435.00,430.00
AJNT63,1655.00,1650.00,1345.00,1340.00,1095.00,1090.00,725.00,720.00
AJNT64,1185.00,1180.00,935.00,930.00,735.00,730.00,435.00,430.00
AJPD361,955.00,950.00,710.00,710.00,515.00,510.00,215.00,210.00
AJNT37,11010.00,11010.00,8560.00,8560.00,6630.00,6630.00,3710.00,3710.00
AJNT46,10350.00,10350.00,8040.00,8040.00,6220.00,6220.00,3465.00,3460.00
AJNT60,1570.00,1570.00,1285.00,1280.00,1060.00,1060.00,715.00,710.00
AJNT27,11420.00,11420.00,8705.00,8700.00,6570.00,6570.00,3345.00,3340.00
AJNT61,1555.00,1550.00,1275.00,1270.00,1050.00,1050.00,715.00,710.00
AJPD78,1650.00,1650.00,1355.00,1350.00,1120.00,1120.00,770.00,770.00
AJNT62,1555.00,1550.00,1275.00,1270.00,1050.00,1050.00,715.00,710.00
AJLR134,1245.00,1240.00,1055.00,1050.00,905.00,900.00,675.00,670.00
