SKU,Category,MetalWt18K,TotalDiamondWt,USD_18K,USD_14K,USD_10K,USD_Silver,GBP_18K,GBP_14K,GBP_10K,GBP_Silver
AJER778,EARRING,5.7,4.2,1915,1520,1210,740,1535.96,1226.64,921.23,616.79
AJER680(3.0CTS),EARRING,2,3,912.00,801.00,714.00,582.00,924.15,815.85,708.51,602.15
AJER 668-3.0CTS,EARRING,1.8,3,876.00,776.00,698.00,579.00,889.03,791.45,694.85,599.23
AJER723,EARRING,2.4,2.306,1060,890,760,560,865.61,735.83,607.03,479.21
AJER758-1.00CTS,EARRING,3,4,1267.00,1100.00,969.00,771.00,1270.55,1107.60,946.60,786.57
AJER759,EARRING,2.25,2,975,815,695,510,799.26,677.29,557.27,437.25
AJER772,EARRING,7.1,0.51,1705,1215,825,240,1372.03,987.58,606.06,227.46
AJER826,EARRING,2,0.2,500,360,250,85,429.44,321.14,213.80,86.44
AJER827,EARRING,1.6,1,535,425,335,205,456.77,369.92,284.06,197.40
AJER666-3.0CTS,EARRING,1.7,3,858.00,764.00,689.00,577.00,871.46,779.74,688.02,597.28
AJER668,EARRING,1.8,3,1090,965,865,715,889.03,791.45,694.85,599.23
AJLR134 (2CTS),Ring,2.2,2,1010.65,857.77,737.47,555.76,790.48,671.43,553.37,436.28
AJLR211-1.0CTS,RING,2.4,1.936,973.06,806.39,674.81,475.56,761.20,631.43,502.63,373.83
AJLR255,Ring,2.416,2.3,985,775,610,360,628.50,497.75,367.97,239.17
AJLR257-2.0CTS,RING,4.1,1.266,1524.44,1231.20,999.37,649.75,1190.54,962.21,734.86,509.46
AJLR262-2.0CTS,Ring,4.53,2.292,1598.37,1283.83,1035.71,661.03,1248.11,1003.19,760.23,518.24
AJLR274,Ring,0.8,0,310,245,180,85,208.92,160.02,110.96,60.74
AJLR299-2.0CTS,Ring,3.3,2.2,1288.85,1059.52,879.07,605.89,1007.09,828.53,651.92,475.31
AJLR307-2.00CTS,Ring,3.5,2.09,1318.92,1075.81,884.09,594.61,1030.51,841.21,652.89,466.52
AJLR379,Ring,2.85,1.272,1745,1500,1305,1010,1102.72,948.55,796.33,643.14
AJLR389,Ring,4.2,1.27,1450,1085,800,365,918.30,690.95,465.55,241.12
AJLR416,Ring,6.4,0.02,1900,1340,905,240,1198.34,851.95,508.48,157.69
AJLR511-2.00CTS,Ring,3,2.25,1233.71,1024.44,860.28,612.16,964.16,801.21,641.18,480.18
AJLR559-2.00CTS,Ring,3.65,2.52,1424.19,1171.05,970.55,668.55,1112.48,915.37,719.25,524.09
AJLR602,Ring,4.7,1.12,1515,1105,785,305,958.31,703.63,451.89,199.74
AJLR613,Ring,3.3,0.524,1090,805,580,235,694.85,516.29,339.67,154.18
AJLR614,Ring,3.9,0.34,1255,915,650,245,797.31,585.57,376.75,161.19
AJLR618,Ring,4.6,1.08,1570,1170,855,380,992.46,743.64,496.77,250.88
AJLR627,Ring,6,1.32,1995,1470,1060,440,1256.89,931.96,610.94,289.91
AJLR628,Ring,2.25,0.46,795,595,445,200,509.46,387.49,266.49,134.33
AJLR629,Ring,2.9,4.22,1650,1395,1200,900,1043.20,886.10,729.98,575.81
AJLR636,Ring,4.9,0.18,1500,1075,740,230,949.52,684.12,421.64,150.68
AJLR638,Ring,3.95,0.8,1340,995,725,320,850.00,636.31,424.57,212.83
AJLR1168,Ring,6.4,6,3520,2965,2530,1865,2210.20,1862.83,1520.34,1177.85
AJLR1181,Ring,3.8,3,1970,1640,1380,985,1243.23,1037.34,833.41,630.45
AJLB118,BRACELET,8.3805,2,2735,1995,1410,535,1220.79,909.52,600.20,295.77
AJLB206-2CTS,BRACELET,6,2.187,1649.75,1226.19,891.60,391.60,1288.11,958.31,630.45,308.45
AJLB221,BRACELET,6.2,0.67,2020,1475,1040,395,1274.45,932.94,593.37,260.64
AJLB222,BRACELET,6.3,0.75,2065,1505,1070,410,1300.80,954.40,609.96,271.37
AJLB223,BRACELET,6.5,0.75,2125,1550,1095,420,1337.88,979.77,624.60,276.25
AJLB200-4.00CTS,BRACELET,7.3,4.002,2089.60,1573.31,1167.29,558.27,1630.60,1228.59,829.51,438.23
AJPD201,PENDANT,2.7,1.162,1150,915,730,450,730.95,584.59,440.18,295.77
AJPD202,PENDANT,2.9,2,1445,1190,995,690,914.40,757.30,602.15,447.01
AJPD203,PENDANT,3.1,2.16,1515,1250,1035,715,960.26,792.43,626.55,460.67
AJPD231-0.50CTS,PENDANT,2.65,0.5,734.96,550.75,406.64,175.60,575.81,432.37,290.89,137.83
AJPD232-0.50CTS,PENDANT,2.55,0.5,727.44,549.50,410.40,188.99,569.95,431.40,294.79,148.34
AJPD236,PENDANT,4.55,7.62,3435,3040,2730,2260,2156.54,1910.65,1666.71,1422.77
AJPD243-0.50CTS,PENDANT,3.6,0.5,951.75,701.13,504.39,197.92,744.61,549.46,356.26,155.35
AJPD278,PENDANT,2.65,1,1005,775,595,320,642.16,498.72,357.24,215.75
AJPD279-1.00CTS,PENDANT,3,2,1192.36,984.34,820.18,572.06,931.96,769.98,608.98,448.96
AJPD301,PENDANT,4.3,5.465,2730,2355,2060,1615,1714.52,1482.29,1251.03,1021.73
AJPD352-1.00CTS,PENDANT,3,1,975.56,766.29,602.13,354.01,763.15,600.20,439.20,279.18
AJPD370,PENDANT,4.4,1.11,1510,1125,825,370,955.38,716.32,480.18,246.00
AJPD402,PENDANT,3.9,1.984,1610,1270,1005,600,1018.80,807.06,598.25,389.44
AJPD403,PENDANT,3.6,1.354,1415,1105,860,485,897.81,703.63,510.43,318.21
AJPD404,PENDANT,3.6,1.414,1420,1110,865,490,901.71,706.56,513.36,321.14
AJPD405,PENDANT,3.8,1.434,1480,1150,890,500,938.79,732.91,528.97,326.01
AJPD406,PENDANT,3.7,1.378,1450,1130,875,495,919.28,718.27,520.19,322.11
AJPD408,PENDANT,3.25,2,1540,1260,1035,700,976.85,800.23,625.57,452.86
AJPD409,PENDANT,2.8,1.156,1170,930,735,445,744.61,593.37,443.11,293.81
AJPD410,PENDANT,2.75,1.171,1160,920,730,445,737.78,588.49,441.15,293.81
AJPD411,PENDANT,2.85,1.2,1190,945,750,455,757.30,603.13,449.94,297.72
AJPD412,PENDANT,2.75,1.188,1160,920,735,450,738.76,589.47,442.13,294.79
AJPD413,PENDANT,2.8,1.17,1170,930,735,445,745.59,593.37,443.11,293.81
AJNT59-1.00CTS,PENDANT,2.9,1.09,964.29,762.53,604.64,364.04,754.37,597.28,442.13,286.98
AJNT63-2.00 CTS,PENDANT,3.6,2.09,1341.48,1090.85,892.86,595.86,1048.08,852.92,659.72,467.50
AJNT64-1.00CTS,PENDANT,2.9,1.09,964.29,762.53,604.64,364.04,754.37,597.28,442.13,286.98
AJNT68,PENDANT,2.8,0.5,945,700,510,215,603.13,450.91,300.64,140.17
AJPD361-0.50CTS,PENDANT,2.85,0.5,781.33,583.33,426.69,180.06,611.91,457.74,304.55,141.33
AJPD262,PENDANT,3.5,0,1070,765,525,150,,,,
AJPD263,PENDANT,3.2,0.25,1090,810,590,265,,,,
AJPD294,PENDANT,4,4,2300,1950,1675,1265,,,,
AJPD295,PENDANT,5.1,0.68,1635,1190,845,315,,,,
AJPD439,PENDANT,4.2,2.24,1615,1250,965,530,,,,
AJPD442,PENDANT,4.9,3,2285,1855,1520,1015,,,,
AJPD446,PENDANT,2.55,0.475,960,735,565,310,,,,
AJPD447,PENDANT,6.1,0.5,1895,1365,950,320,,,,
AJPD448,PENDANT,6,0.18,1855,1335,925,315,,,,
AJPD451,PENDANT,4.75,2.04,1640,1230,905,415,,,,
AJPD455,PENDANT,2.15,1.9,1205,1015,870,645,,,,
AJPD456,PENDANT,5.4,3,2425,1955,1585,1025,,,,
AJPD459,PENDANT,4.1,0.4375,1315,960,680,255,,,,
AJPDP85,PENDANT,4.4,4,2035,1655,1355,895,,,,
AJNT26,NECKLACE,26.2,33.06,12000,9685,7860,5125,,,,
AJLB68,BRACELET,9.5,9,4470,3630,2970,1980,,,,
AJLB185,BRACELET,4.75,1.07,1655,1235,905,410,,,,
AJLB187,BRACELET,9.3,7.4,4125,3305,2655,1685,,,,
AJER680,EARRING,2,3,1135,995,885,720,,,,
AJER758,EARRING,3,4,1575,1370,1205,955,,,,
AJER666,EARRING,1.7,3,1065,945,855,715,,,,
AJLR211,RING,2.4,1.944,1195,990,825,575,,,,
AJLR257,RING,4.228,2.266,1885,1520,1230,795,,,,
AJLR262,RING,4.53,2.292,1980,1585,1275,805,,,,
AJLR272,RING,2.9,2,1755,1505,1305,1005,,,,
AJLR299,RING,3.3,2.2,1590,1305,1080,740,,,,
AJLR307,RING,3.5,2.09,1630,1325,1085,725,,,,
AJLR511,RING,3,2.25,1525,1265,1055,745,,,,
AJLR559,RING,3.65,2.52,1760,1445,1195,815,,,,
AJLR1170,RING,3.6,2,1935,1620,1375,1000,,,,
AJLB206,BRACELET,6,2.187,2045,1515,1095,470,,,,
AJLB220,BRACELET,2.7,0.827,1090,855,665,385,,,,
AJLB200,BRACELET,7.3,4.002,2595,1950,1440,680,,,,
AJLB20,BRACELET,7.4,3.06,2535,1880,1365,595,,,,
AJLB110,BRACELET,8.8,3.335,2985,2210,1595,680,,,,
AJLB224,BRACELET,4.8,1.725,1655,1230,895,395,,,,
AJLB228,BRACELET,9.8,4.48,4420,3555,2875,1850,,,,
AJLB236,BRACELET,3.1,1.287,1400,1125,910,590,,,,
AJLB26,BRACELET,22.3,20,10190,8220,6665,4340,,,,
AJLB130,BRACELET,13.1,5.93,4830,3670,2760,1395,,,,
AJLB143,BRACELET,15.4,18,9495,8135,7060,5455,,,,
AJLB144,BRACELET,12.8,15,6425,5295,4405,3070,,,,
AJLB152,BRACELET,16.2,19.5,8305,6875,5745,4055,,,,
AJLB157,BRACELET,12.3,9.9,5455,4365,3510,2225,,,,
AJLB160,BRACELET,17,1.05,5320,3820,2635,860,,,,
AJLB161,BRACELET,9.75,6,4010,3150,2470,1455,,,,
AJLB167,BRACELET,12.9,11.2,5860,4720,3825,2480,,,,
AJNT65,BRACELET,40.2,35.4,19505,15955,13155,8960,,,,
AJLB51,BRACELET,2.5,1,1085,865,690,430,,,,
AJLB52,BRACELET,2.7,1,1145,905,715,435,,,,
AJLB53,BRACELET,2.55,1,1100,875,695,430,,,,
AJLB54,BRACELET,2.5,1,1085,865,690,430,,,,
AJPD231,PENDANT,2.65,0.5,900,670,490,210,,,,
AJPD232,PENDANT,2.55,0.5,890,665,495,225,,,,
AJPD243,PENDANT,3.6,0.5,1170,855,610,235,,,,
AJPD279,PENDANT,3,2,1470,1210,1005,695,,,,
AJPD352,PENDANT,3,1,1200,940,735,425,,,,
AJNT59,PENDANT,2.9,1.09,1185,935,735,435,,,,
AJNT63,PENDANT,3.6,2.09,1655,1345,1095,725,,,,
AJNT64,PENDANT,2.9,1.09,1185,935,735,435,,,,
AJPD361,PENDANT,2.85,0.5,955,710,515,215,,,,
AJNT37,PENDANT,28.2,23,11010,8560,6630,3710,,,,
AJNT46,PENDANT,26.6,15.35,10350,8040,6220,3465,,,,
AJNT60,PENDANT,3.3,2.09,1570,1285,1060,715,,,,
AJNT27,PENDANT,31.2,14,11420,8705,6570,3345,,,,
AJNT61,PENDANT,3.25,2.09,1555,1275,1050,715,,,,
AJPD78,PENDANT,3.4,2.36,1650,1355,1120,770,,,,
AJNT62,PENDANT,3.25,2.09,1555,1275,1050,715,,,,
AJLR134,RING,,2,1245,1055,905,675,,,,
