code,managed,title,issues
"",false,"1.12 CTW Round Brilliant Lab-Grown Diamond Double Row Band Ring",""
"",false,"1.27 CTW Round Brilliant Lab-Grown Diamond Three Stone Engagement Ring",""
"",false,"1.94 CTW Pear Cut Lab-Grown Diamond Cluster Engagement Ring",""
"",false,"2 CTW Oval Cut Lab-Grown Diamond Solitaire Engagement Ring",""
"",false,"2.09 CTW Asscher Cut Lab-Grown Diamond Twist Engagement Ring",""
"",false,"2.2 CTW Heart Cut Lab-Grown Diamond Three Stone Engagement Ring",""
"",false,"2.25 CTW Cushion Cut Lab-Grown Diamond Halo Engagement Ring",""
"",false,"2.27 CTW Cushion Cut Lab-Grown Diamond Twist Engagement Ring",""
"",false,"2.29 CTW Pear Cut Lab-Grown Diamond Twist Engagement Ring",""
"",false,"2.3 CTW Round Brilliant Lab-Grown Diamond Full Eternity Ring",""
"",false,"2.52 CTW Pear Cut Lab-Grown Diamond Solitaire Engagement Ring",""
"",false,"3 CTW Marquise Cut Lab-Grown Diamond Stud Earrings",""
"",false,"3 CTW Princess Cut Lab-Grown Diamond Stud Earrings",""
"",false,"3 CTW Round Brilliant Lab-Grown Diamond Stud Earrings",""
"",false,"3.27 CTW Emerald Cut Lab-Grown Diamond Pavé Engagement Ring",""
"",false,"4 CTW Pear & Emerald Cut Lab-Grown Diamond Toi et Moi Stud Earrings",""
"",false,"Asscher Cut Lab-Grown Diamond Stud Earrings","no carat; starts with a name; not house format"
"",false,"Double-Row Round Brilliant Lab-Grown Diamond Tennis Bracelet","no carat; not house format"
"",false,"Emerald Cut Lab Grown Diamond Huggie Hoop Earrings","spells ""Lab-Grown"" differently; no carat; starts with a name; not house format"
"",false,"Heart Cut Lab-Grown Diamond Halo Stud Earrings","no carat; starts with a name; not house format"
"",false,"Marquise Cut Lab-Grown Diamond Three Stone Engagement Ring","no carat; starts with a name; not house format"
"",false,"Pavé Lab-Grown Diamond Huggie Hoop Earrings","no carat; starts with a name; not house format"
"",false,"Pear Cut Lab-Grown Diamond Two-Stone Stud Earrings","no carat; starts with a name; not house format"
"",false,"Round Brilliant Lab-Grown Diamond Milgrain Wave Band Ring","no carat; starts with a name; not house format"
"",false,"Round Brilliant Lab-Grown Diamond Solitaire Huggie Hoop Earrings","no carat; starts with a name; not house format"
"",false,"Twisted Rope Lab-Grown Diamond Band Ring","no carat; starts with a name; not house format"
"AJPD361",true,"0.5 CTW Round Brilliant Lab-Grown Diamond Bezel Pendant Necklace",""
"AJPD243",true,"0.5 CTW Round Brilliant Lab-Grown Diamond Infinity Pendant Necklace",""
"AJLB223",true,"0.75 CTW Marquise Cut Lab-Grown Diamond Cuban Link Bracelet",""
"AJLB222",true,"0.75 CTW Oval Cut Lab-Grown Diamond Cuban Link Bracelet",""
"AJPD352",true,"1 CTW Asscher Cut Lab-Grown Diamond Solitaire Pendant Necklace",""
"AJPD278",true,"1 CTW Emerald & Pear Cut Lab-Grown Diamond Toi et Moi Pendant Necklace",""
"AJPD370",true,"1.11 CTW Oval Cut Lab-Grown Diamond Cross Pendant Necklace",""
"AJPD409",true,"1.16 CTW Emerald Cut Lab-Grown Diamond Halo Pendant Necklace",""
"AJPD201",true,"1.16 CTW Oval Cut Lab-Grown Diamond Halo Pendant Necklace",""
"AJPD410",true,"1.17 CTW Heart Cut Lab-Grown Diamond Halo Pendant Necklace",""
"AJPD413",true,"1.17 CTW Round Brilliant Lab-Grown Diamond Halo Pendant Necklace",""
"AJPD412",true,"1.19 CTW Pear Cut Lab-Grown Diamond Halo Pendant Necklace",""
"AJPD411",true,"1.2 CTW Marquise Cut Lab-Grown Diamond Halo Pendant Necklace",""
"AJPD403",true,"1.35 CTW Emerald Cut Lab-Grown Diamond Halo Pendant Necklace",""
"AJPD404",true,"1.41 CTW Oval Cut Lab-Grown Diamond Halo Pendant Necklace",""
"AJPD405",true,"1.43 CTW Marquise Cut Lab-Grown Diamond Halo Station Necklace",""
"AJLB167",true,"11.20 CTW Emerald Cut Lab Grown Diamond Tennis Bracelet","spells ""Lab-Grown"" differently; not house format"
"AJNT62",true,"2 CTW Asscher Cut Lab-Grown Diamond Solitaire Necklace",""
"AJPD202",true,"2 CTW Emerald Cut Lab-Grown Diamond Solitaire Pendant Necklace",""
"AJNT63",true,"2 CTW Marquise Cut Lab-Grown Diamond Station Necklace",""
"AJPD408",true,"2 CTW Pear & Emerald Cut Lab-Grown Diamond Toi et Moi Pendant Necklace",""
"AJPD279",true,"2 CTW Pear & Radiant Cut Lab-Grown Diamond Toi et Moi Pendant Necklace",""
"AJLB206",true,"2 CTW Round Brilliant Lab-Grown Diamond Tennis Bracelet",""
"AJNT61",true,"2.09 CTW Heart Shape Lab Grown Diamond Pendant Necklace","spells ""Lab-Grown"" differently; says ""Shape"" not ""Cut""; not house format"
"AJPD203",true,"2.16 CTW Emerald Cut Lab-Grown Diamond Two Stone Pendant Necklace",""
"AJLB200",true,"4 CTW Round Brilliant Lab-Grown Diamond Tennis Bracelet",""
"AJPD301",true,"5.46 CTW Emerald Cut Lab-Grown Diamond Pendant Necklace",""
"AJPD236",true,"7.62 CTW Round & Emerald Cut Lab-Grown Diamond Toi et Moi Pendant Necklace",""
"AJLB26",true,"Alternating Pear Lab-Grown Diamond Tennis Bracelet","no carat; starts with a name; not house format"
"AJLB157",true,"Amarante 10ct Pear-Cut Lab-Grown Diamond Tennis Bracelet","uses ""ct"" not ""CTW""; starts with a name; not house format"
"AJLB51",true,"Aurelia 1ct Oval Bezel-Set Lab-Grown Diamond Chain Bracelet","uses ""ct"" not ""CTW""; starts with a name; not house format"
"AJLB160",true,"Aurelia 1ct Round Lab-Grown Diamond Cuban Bracelet","uses ""ct"" not ""CTW""; starts with a name; not house format"
"AJNT65",true,"Aveline 15ct Marquise-Cu Lab-Grown Diamond Tennis Necklace","uses ""ct"" not ""CTW""; starts with a name; not house format"
"AJLB144",true,"Aveline 15ct Seven-Shape Lab-Grown Diamond Tennis Bracelet","uses ""ct"" not ""CTW""; starts with a name; says ""Shape"" not ""Cut""; not house format"
"AJPD78",true,"Aveline 2.36ct Oval Lab Diamond Pendant Necklace","spells ""Lab-Grown"" differently; uses ""ct"" not ""CTW""; starts with a name; not house format"
"AJNT37",true,"Aveline 23ct Round Brilliant Diamond Tennis Necklace","uses ""ct"" not ""CTW""; starts with a name; not house format"
"AJLB143",true,"Célestine 18ct Mixed-Shape Lab-Grown Diamond Tennis Bracelet","uses ""ct"" not ""CTW""; starts with a name; says ""Shape"" not ""Cut""; not house format"
"AJLB54",true,"Elara 1ct Emerald Bezel-Set Lab-Grown Diamond Chain Bracelet","uses ""ct"" not ""CTW""; starts with a name; not house format"
"AJLB53",true,"Élodie 1ct Marquise Bezel-Set Lab-Grown Diamond Chain Bracelet","uses ""ct"" not ""CTW""; starts with a name; not house format"
"AJLB221",true,"Emerald Cut Lab-Grown Diamond Cuban Link Bracelet","no carat; starts with a name; not house format"
"AJNT64",true,"Emerald Cut Lab-Grown Diamond Station Necklace","no carat; starts with a name; not house format"
"AJPD262",true,"Engraved Initial Tag Pendant Necklace","no carat; starts with a name; not house format"
"AJNT46",true,"Evangeline 15.34ct Graduated Pear-Cut Lab-Grown Diamond Drop Tennis Necklace","uses ""ct"" not ""CTW""; starts with a name; not house format"
"AJPD442",true,"Heart Cut Lab-Grown Diamond Clover Pendant Necklace","no carat; starts with a name; not house format"
"AJPD263",true,"Initial & Round Brilliant Lab-Grown Diamond Station Necklace","no carat; starts with a name; not house format"
"AJNT27",true,"Mariposa 14ct Pear & Marquise-Cut Lab-Grown Diamond Butterfly Tennis Necklace","uses ""ct"" not ""CTW""; starts with a name; not house format"
"AJPD448",true,"Marquise Cut Blue Gemstone Evil Eye Heart Pendant Necklace","no carat; starts with a name; not house format"
"AJPD456",true,"Marquise Cut Lab-Grown Diamond Bezel Pendant Necklace","no carat; starts with a name; not house format"
"AJPD295",true,"Multi-Cut Lab-Grown Diamond Bar Necklace","no carat; not house format"
"BR24435",true,"Multi-Gemstone Station Bracelet in Gold","no carat; not house format"
"AJNT59",true,"Oval Cut Lab-Grown Diamond Station Necklace","no carat; starts with a name; not house format"
"AJPD294",true,"Oval, Emerald & Pear Cut Lab-Grown Diamond Cluster Necklace","no carat; not house format"
"AJPD459",true,"Pear & Round Cut Lab-Grown Diamond Cross Pendant Necklace","no carat; starts with a name; not house format"
"AJPD446",true,"Pear Cut Green Gemstone & Lab-Grown Diamond Toi et Moi Necklace","no carat; starts with a name; not house format"
"AJPD439",true,"Pear Cut Lab-Grown Diamond Graduated Smile Necklace","no carat; starts with a name; not house format"
"AJPD447",true,"Pear Cut Lab-Grown Diamond Key Pendant Necklace","no carat; starts with a name; not house format"
"AJPDP85",true,"Pear Cut Lab-Grown Diamond Star Pendant Necklace","no carat; starts with a name; not house format"
"AJLB118",true,"Round Brilliant Lab-Grown Diamond Adjustable Bolo Bracelet","no carat; starts with a name; not house format"
"AJNT68",true,"Round Brilliant Lab-Grown Diamond Bezel Solitaire Necklace","no carat; starts with a name; not house format"
"AJPD451",true,"Round Brilliant Lab-Grown Diamond Cross Pendant Necklace","no carat; starts with a name; not house format"
"AJPD455",true,"Round Brilliant Lab-Grown Diamond Solitaire Pendant Necklace","no carat; starts with a name; not house format"
"AJNT26",true,"Round Brilliant Lab-Grown Diamond Tennis Necklace","no carat; starts with a name; not house format"
"AJLB52",true,"Seraphine 1ct Pear Bezel-Set Lab-Grown Diamond Chain Bracelet","uses ""ct"" not ""CTW""; starts with a name; not house format"
"AJNT60",true,"Solara 2.09ct Round Lab-Grown Diamond Station Pendant Necklace","uses ""ct"" not ""CTW""; starts with a name; not house format"
"AJLB152",true,"Solenne 19.5ct Emerald-Cut Lab-Grown Diamond Tennis Bracelet","uses ""ct"" not ""CTW""; starts with a name; not house format"
"AJLB130",true,"Valenne 6ct Baguette & Round Lab-Grown Diamond Tennis Bracelet","uses ""ct"" not ""CTW""; starts with a name; not house format"
"AJLB161",true,"Valleria 6ct Oval Lab-Grown Diamond Tennis Bracelet","uses ""ct"" not ""CTW""; starts with a name; not house format"
