code,title,issues
"AJER666","3 CTW Round Brilliant Lab-Grown Diamond Stud Earrings","10 wrong price — 925 Sterling Silver: 577 want 714.00 | 10 variant(s) with no SKU"
"AJER668","3 CTW Princess Cut Lab-Grown Diamond Stud Earrings","10 wrong price — 925 Sterling Silver: 579 want 716.00"
"AJER680","3 CTW Marquise Cut Lab-Grown Diamond Stud Earrings","10 wrong price — 925 Sterling Silver: 582 want 720.00"
"AJER723","Heart Cut Lab-Grown Diamond Halo Stud Earrings","10 wrong price — 925 Sterling Silver: 456 want 562.00 | title differs from product-content.json"
"AJER758","4 CTW Pear & Emerald Cut Lab-Grown Diamond Toi et Moi Stud Earrings","10 wrong price — 925 Sterling Silver: 771 want 957.00"
"AJER759","Asscher Cut Lab-Grown Diamond Stud Earrings","10 wrong price — 925 Sterling Silver: 413 want 508.00 | title differs from product-content.json"
"AJER772","Pavé Lab-Grown Diamond Huggie Hoop Earrings","10 wrong price — 925 Sterling Silver: 198 want 240.00 | title differs from product-content.json | no spec list"
"AJER778","Emerald Cut Lab Grown Diamond Huggie Hoop Earrings","10 wrong price — 925 Sterling Silver: 597 want 739.00 | title differs from product-content.json"
"AJER826","Round Brilliant Lab-Grown Diamond Solitaire Huggie Hoop Earrings","10 wrong price — 925 Sterling Silver: 74 want 85.00 | title differs from product-content.json"
"AJER827","Pear Cut Lab-Grown Diamond Two-Stone Stud Earrings","10 wrong price — 925 Sterling Silver: 169 want 204.00 | title differs from product-content.json"
"AJLB20","Double-Row Round Brilliant Lab-Grown Diamond Tennis Bracelet","40 wrong price — 925 Sterling Silver 6.5 in: 7012.5 want 582.11 | title differs from product-content.json"
"AJLB26","Alternating Pear Lab-Grown Diamond Tennis Bracelet","title differs from product-content.json"
"AJLB51","Aurelia 1ct Oval Bezel-Set Lab-Grown Diamond Chain Bracelet","title differs from product-content.json"
"AJLB52","Seraphine 1ct Pear Bezel-Set Lab-Grown Diamond Chain Bracelet","title differs from product-content.json"
"AJLB53","Élodie 1ct Marquise Bezel-Set Lab-Grown Diamond Chain Bracelet","title differs from product-content.json"
"AJLB54","Elara 1ct Emerald Bezel-Set Lab-Grown Diamond Chain Bracelet","title differs from product-content.json"
"AJLB68","9 CTW Marquise Cut Lab-Grown Diamond Bezel Tennis Bracelet","40 wrong price — 925 Sterling Silver 6.5 in: 1585.87 want 1965.57"
"AJLB96","Round Brilliant Lab-Grown Diamond Pavé Bangle Bracelet","no price in price-list.csv"
"AJLB110","Round Brilliant Lab-Grown Diamond Station Bracelet","40 wrong price — 925 Sterling Silver 6.5 in: 12.5 want 666.07"
"AJLB118","Round Brilliant Lab-Grown Diamond Adjustable Bolo Bracelet","40 wrong price — 925 Sterling Silver 6.5 in: 362.81 want 524.47 | title differs from product-content.json"
"AJLB130","Valenne 6ct Baguette & Round Lab-Grown Diamond Tennis Bracelet","title differs from product-content.json"
"AJLB143","Célestine 18ct Mixed-Shape Lab-Grown Diamond Tennis Bracelet","title differs from product-content.json | no spec list | old ""Diamond Details"" section still present"
"AJLB144","Aveline 15ct Seven-Shape Lab-Grown Diamond Tennis Bracelet","title differs from product-content.json | no spec list | old ""Diamond Details"" section still present"
"AJLB152","Solenne 19.5ct Emerald-Cut Lab-Grown Diamond Tennis Bracelet","title differs from product-content.json"
"AJLB157","Amarante 10ct Pear-Cut Lab-Grown Diamond Tennis Bracelet","title differs from product-content.json"
"AJLB160","Aurelia 1ct Round Lab-Grown Diamond Cuban Bracelet","title differs from product-content.json"
"AJLB161","Valleria 6ct Oval Lab-Grown Diamond Tennis Bracelet","title differs from product-content.json"
"AJLB167","11.20 CTW Emerald Cut Lab Grown Diamond Tennis Bracelet","title differs from product-content.json"
"AJLB185","1.07 CTW Round Brilliant Lab-Grown Diamond Micro Pavé Tennis Bracelet","12 variant(s) missing: 10k Rose Gold 6.5 in, 10k Rose Gold 7 in, 10k Rose Gold 7.5 in… | 28 wrong price — 925 Sterling Silver 6.5 in: 328.98 want 395.39"
"AJLB187","7.4 CTW Mixed Cut Lab-Grown Diamond Tennis Bracelet","40 wrong price — 925 Sterling Silver 6.5 in: 1352.79 want 1674.84"
"AJLB200","4 CTW Round Brilliant Lab-Grown Diamond Tennis Bracelet","40 wrong price — 925 Sterling Silver 6.5 in: 545.77 want 666.07"
"AJLB206","2 CTW Round Brilliant Lab-Grown Diamond Tennis Bracelet","40 wrong price — 925 Sterling Silver 6.5 in: 379.1 want 456.80"
"AJLB220","Pink & White Lab-Grown Diamond Flower Station Bracelet","40 wrong price — 925 Sterling Silver 6.5 in: 12.5 want 370.33 | no spec list | status DRAFT | not on the Online Store"
"AJLB221","Emerald Cut Lab-Grown Diamond Cuban Link Bracelet","40 wrong price — 925 Sterling Silver 6.5 in: 317.7 want 381.61 | title differs from product-content.json"
"AJLB222","0.75 CTW Oval Cut Lab-Grown Diamond Cuban Link Bracelet","40 wrong price — 925 Sterling Silver 6.5 in: 331.48 want 399.15"
"AJLB223","0.75 CTW Marquise Cut Lab-Grown Diamond Cuban Link Bracelet","40 wrong price — 925 Sterling Silver 6.5 in: 337.75 want 405.42"
"AJLB228","Blue & White Lab-Grown Diamond Tennis Bracelet","40 wrong price — 925 Sterling Silver 6.5 in: 12.5 want 1839.00 | no spec list | status DRAFT | not on the Online Store"
"AJLB236","Round Brilliant Lab-Grown Diamond Solitaire Chain Bracelet","40 wrong price — 925 Sterling Silver 6.5 in: 12.5 want 575.85 | status DRAFT | not on the Online Store"
"AJLR134","2 CTW Oval Cut Lab-Grown Diamond Solitaire Engagement Ring",""
"AJLR211","1.94 CTW Pear Cut Lab-Grown Diamond Cluster Engagement Ring","10 wrong price — 925 Sterling Silver: 475.56 want 575.81"
"AJLR255","2.3 CTW Round Brilliant Lab-Grown Diamond Full Eternity Ring","10 wrong price — 925 Sterling Silver: 312.5 want 359.02"
"AJLR257","2.27 CTW Cushion Cut Lab-Grown Diamond Twist Engagement Ring","10 wrong price — 925 Sterling Silver: 649.75 want 792.61"
"AJLR262","2.29 CTW Pear Cut Lab-Grown Diamond Twist Engagement Ring","10 wrong price — 925 Sterling Silver: 661.03 want 806.39"
"AJLR272","Marquise Cut Lab-Grown Diamond Three Stone Engagement Ring","10 wrong price — 925 Sterling Silver: 712 want 1005.64"
"AJLR274","Twisted Rope Lab-Grown Diamond Band Ring","10 wrong price — 925 Sterling Silver: 77.38 want 86.31 | no spec list"
"AJLR299","2.2 CTW Heart Cut Lab-Grown Diamond Three Stone Engagement Ring","10 wrong price — 925 Sterling Silver: 605.89 want 738.72"
"AJLR307","2.09 CTW Asscher Cut Lab-Grown Diamond Twist Engagement Ring","10 wrong price — 925 Sterling Silver: 594.61 want 723.68"
"AJLR379","3.27 CTW Emerald Cut Lab-Grown Diamond Pavé Engagement Ring","10 wrong price — 925 Sterling Silver: 821.43 want 1008.15"
"AJLR389","1.27 CTW Round Brilliant Lab-Grown Diamond Three Stone Engagement Ring","10 wrong price — 925 Sterling Silver: 305.14 want 362.78 | 1 variant(s) with no SKU"
"AJLR416","Round Brilliant Lab-Grown Diamond Milgrain Wave Band Ring","10 wrong price — 925 Sterling Silver: 200.89 want 241.07"
"AJLR511","2.25 CTW Cushion Cut Lab-Grown Diamond Halo Engagement Ring","10 wrong price — 925 Sterling Silver: 612.16 want 746.24"
"AJLR559","2.52 CTW Pear Cut Lab-Grown Diamond Solitaire Engagement Ring","10 wrong price — 925 Sterling Silver: 668.55 want 816.42"
"AJLR602","1.12 CTW Round Brilliant Lab-Grown Diamond Double Row Band Ring","10 wrong price — 925 Sterling Silver: 254.46 want 306.55"
"AJNT26","Round Brilliant Lab-Grown Diamond Tennis Necklace","50 variant(s) missing: 925 Sterling Silver 16 in, 925 Sterling Silver 17 in, 925 Sterling Silver 18 in… | title differs from product-content.json"
"AJNT27","Mariposa 14ct Pear & Marquise-Cut Lab-Grown Diamond Butterfly Tennis Necklace","40 wrong price — 925 Sterling Silver 16 in: 1418.4 want 1368.40 | title differs from product-content.json"
"AJNT37","Aveline 23ct Round Brilliant Diamond Tennis Necklace","40 wrong price — 925 Sterling Silver 16 in: 1454.93 want 1404.93 | title differs from product-content.json"
"AJNT46","Evangeline 15.34ct Graduated Pear-Cut Lab-Grown Diamond Drop Tennis Necklace","40 wrong price — 925 Sterling Silver 16 in: 1503.67 want 1453.67 | title differs from product-content.json"
"AJNT59","Oval Cut Lab-Grown Diamond Station Necklace","40 wrong price — 925 Sterling Silver 16 in: 436.72 want 386.72 | title differs from product-content.json"
"AJNT60","Solara 2.09ct Round Lab-Grown Diamond Station Pendant Necklace","40 wrong price — 925 Sterling Silver 16 in: 231.04 want 181.04 | title differs from product-content.json"
"AJNT61","2.09 CTW Heart Shape Lab Grown Diamond Pendant Necklace","40 wrong price — 925 Sterling Silver 16 in: 244.68 want 194.68 | title differs from product-content.json"
"AJNT62","2 CTW Asscher Cut Lab-Grown Diamond Solitaire Necklace","40 wrong price — 925 Sterling Silver 16 in: 244.68 want 194.68"
"AJNT63","2 CTW Marquise Cut Lab-Grown Diamond Station Necklace","40 wrong price — 925 Sterling Silver 16 in: 724.94 want 674.94"
"AJNT64","Emerald Cut Lab-Grown Diamond Station Necklace","40 wrong price — 925 Sterling Silver 16 in: 436.72 want 386.72 | title differs from product-content.json"
"AJNT65","Aveline 15ct Marquise-Cu Lab-Grown Diamond Tennis Necklace","40 wrong price — 925 Sterling Silver 16 in: 3711.57 want 3661.57 | title differs from product-content.json"
"AJNT68","Round Brilliant Lab-Grown Diamond Bezel Solitaire Necklace","40 wrong price — 925 Sterling Silver 16 in: 212.8 want 162.80 | title differs from product-content.json"
"AJPD78","Aveline 2.36ct Oval Lab Diamond Pendant Necklace","40 wrong price — 925 Sterling Silver 16 in: 261.62 want 211.62 | title differs from product-content.json"
"AJPD201","1.16 CTW Oval Cut Lab-Grown Diamond Halo Pendant Necklace","40 wrong price — 925 Sterling Silver 16 in: 450.5 want 400.50"
"AJPD202","2 CTW Emerald Cut Lab-Grown Diamond Solitaire Pendant Necklace","40 wrong price — 925 Sterling Silver 16 in: 692.36 want 642.36"
"AJPD203","2.16 CTW Emerald Cut Lab-Grown Diamond Two Stone Pendant Necklace","40 wrong price — 925 Sterling Silver 16 in: 714.91 want 664.91"
"AJPD236","7.62 CTW Round & Emerald Cut Lab-Grown Diamond Toi et Moi Pendant Necklace","40 wrong price — 925 Sterling Silver 16 in: 2260.03 want 2210.03"
"AJPD243","0.5 CTW Round Brilliant Lab-Grown Diamond Infinity Pendant Necklace","40 wrong price — 925 Sterling Silver 16 in: 235.12 want 185.12"
"AJPD262","Engraved Initial Tag Pendant Necklace","40 wrong price — 925 Sterling Silver 16 in: 148.81 want 98.81 | no spec list"
"AJPD263","Initial & Round Brilliant Lab-Grown Diamond Station Necklace","40 wrong price — 925 Sterling Silver 16 in: 263.39 want 213.39 | title differs from product-content.json | status DRAFT | not on the Online Store"
"AJPD278","1 CTW Emerald & Pear Cut Lab-Grown Diamond Toi et Moi Pendant Necklace","40 wrong price — 925 Sterling Silver 16 in: 321.43 want 271.43"
"AJPD279","2 CTW Pear & Radiant Cut Lab-Grown Diamond Toi et Moi Pendant Necklace","40 wrong price — 925 Sterling Silver 16 in: 694.86 want 644.86"
"AJPD294","Oval, Emerald & Pear Cut Lab-Grown Diamond Cluster Necklace","40 wrong price — 925 Sterling Silver 16 in: 1262.53 want 1212.53 | title differs from product-content.json"
"AJPD295","Multi-Cut Lab-Grown Diamond Bar Necklace","40 wrong price — 925 Sterling Silver 16 in: 316.42 want 266.42 | title differs from product-content.json | no spec list"
"AJPD301","5.46 CTW Emerald Cut Lab-Grown Diamond Pendant Necklace","40 wrong price — 925 Sterling Silver 16 in: 1615.91 want 1565.91"
"AJPD352","1 CTW Asscher Cut Lab-Grown Diamond Solitaire Pendant Necklace","40 wrong price — 925 Sterling Silver 16 in: 424.19 want 374.19"
"AJPD361","0.5 CTW Round Brilliant Lab-Grown Diamond Bezel Pendant Necklace","40 wrong price — 925 Sterling Silver 16 in: 214.29 want 164.29"
"AJPD370","1.11 CTW Oval Cut Lab-Grown Diamond Cross Pendant Necklace","40 wrong price — 925 Sterling Silver 16 in: 369.05 want 319.05"
"AJPD403","1.35 CTW Emerald Cut Lab-Grown Diamond Halo Pendant Necklace","40 wrong price — 925 Sterling Silver 16 in: 485.59 want 435.59"
"AJPD404","1.41 CTW Oval Cut Lab-Grown Diamond Halo Pendant Necklace","40 wrong price — 925 Sterling Silver 16 in: 490.6 want 440.60"
"AJPD405","1.43 CTW Marquise Cut Lab-Grown Diamond Halo Station Necklace","40 wrong price — 925 Sterling Silver 16 in: 498.12 want 448.12"
"AJPD408","2 CTW Pear & Emerald Cut Lab-Grown Diamond Toi et Moi Pendant Necklace","40 wrong price — 925 Sterling Silver 16 in: 701.13 want 651.13"
"AJPD409","1.16 CTW Emerald Cut Lab-Grown Diamond Halo Pendant Necklace","40 wrong price — 925 Sterling Silver 16 in: 446.74 want 396.74"
"AJPD410","1.17 CTW Heart Cut Lab-Grown Diamond Halo Pendant Necklace","40 wrong price — 925 Sterling Silver 16 in: 446.74 want 396.74"
"AJPD411","1.2 CTW Marquise Cut Lab-Grown Diamond Halo Pendant Necklace","40 wrong price — 925 Sterling Silver 16 in: 453.01 want 403.01"
"AJPD412","1.19 CTW Pear Cut Lab-Grown Diamond Halo Pendant Necklace","40 wrong price — 925 Sterling Silver 16 in: 449.25 want 399.25"
"AJPD413","1.17 CTW Round Brilliant Lab-Grown Diamond Halo Pendant Necklace","40 wrong price — 925 Sterling Silver 16 in: 446.74 want 396.74"
"AJPD439","Pear Cut Lab-Grown Diamond Graduated Smile Necklace","40 wrong price — 925 Sterling Silver 16 in: 529.45 want 479.45 | title differs from product-content.json"
"AJPD442","Heart Cut Lab-Grown Diamond Clover Pendant Necklace","40 wrong price — 925 Sterling Silver 16 in: 1014.41 want 964.41 | title differs from product-content.json"
"AJPD446","Pear Cut Green Gemstone & Lab-Grown Diamond Toi et Moi Necklace","40 wrong price — 925 Sterling Silver 16 in: 308.04 want 258.04 | title differs from product-content.json"
"AJPD447","Pear Cut Lab-Grown Diamond Key Pendant Necklace","40 wrong price — 925 Sterling Silver 16 in: 318.92 want 268.92 | title differs from product-content.json"
"AJPD448","Marquise Cut Blue Gemstone Evil Eye Heart Pendant Necklace","40 wrong price — 925 Sterling Silver 16 in: 312.5 want 262.50 | title differs from product-content.json | status DRAFT | not on the Online Store"
"AJPD451","Round Brilliant Lab-Grown Diamond Cross Pendant Necklace","40 wrong price — 925 Sterling Silver 16 in: 412.91 want 362.91 | title differs from product-content.json"
"AJPD455","Round Brilliant Lab-Grown Diamond Solitaire Pendant Necklace","40 wrong price — 925 Sterling Silver 16 in: 647.24 want 597.24 | title differs from product-content.json"
"AJPD456","Marquise Cut Lab-Grown Diamond Bezel Pendant Necklace","40 wrong price — 925 Sterling Silver 16 in: 1026.94 want 976.94 | title differs from product-content.json"
"AJPD459","Pear & Round Cut Lab-Grown Diamond Cross Pendant Necklace","40 wrong price — 925 Sterling Silver 16 in: 255.95 want 205.95 | title differs from product-content.json"
"AJPDP85","Pear Cut Lab-Grown Diamond Star Pendant Necklace","40 wrong price — 925 Sterling Silver 16 in: 896.62 want 846.62 | title differs from product-content.json"
"BR24435","Multi-Gemstone Station Bracelet in Gold","no price in price-list.csv | no spec list | status DRAFT | not on the Online Store"
